,subject,net1,net2,MeanBVC
0,sub-01,FPN,CON,0.28137526410697705
1,sub-01,FPN,SAN,0.28760919883557606
2,sub-01,FPN,VAN,0.2784430541136649
3,sub-01,FPN,DAN,0.28124573964533456
4,sub-01,FPN,DMN,0.2906282657926147
5,sub-01,FPN,Motor,0.27552218087559566
6,sub-01,FPN,Aud.,0.26767593682636276
7,sub-01,FPN,Vis.,0.2832824313266889
8,sub-01,FPN,Subc.,0.282502168767019
9,sub-01,FPN,Whole Brain,0.28371597249660474
10,sub-01,CON,FPN,0.28137526410697705
11,sub-01,CON,SAN,0.2938586970545555
12,sub-01,CON,VAN,0.28401961452879876
13,sub-01,CON,DAN,0.28752817347937204
14,sub-01,CON,DMN,0.2994205087136685
15,sub-01,CON,Motor,0.280876274662479
16,sub-01,CON,Aud.,0.2701296692832974
17,sub-01,CON,Vis.,0.2936992435564206
18,sub-01,CON,Subc.,0.28758362710640156
19,sub-01,CON,Whole Brain,0.28946667828563405
20,sub-01,SAN,FPN,0.28760919883557606
21,sub-01,SAN,CON,0.2938586970545555
22,sub-01,SAN,VAN,0.28923264732736825
23,sub-01,SAN,DAN,0.29266524300688385
24,sub-01,SAN,DMN,0.3059055310637006
25,sub-01,SAN,Motor,0.28818702392327517
26,sub-01,SAN,Aud.,0.28069842662014155
27,sub-01,SAN,Vis.,0.2981815070509096
28,sub-01,SAN,Subc.,0.2938272955398283
29,sub-01,SAN,Whole Brain,0.2960821303512277
30,sub-01,VAN,FPN,0.2784430541136649
31,sub-01,VAN,CON,0.28401961452879876
32,sub-01,VAN,SAN,0.28923264732736825
33,sub-01,VAN,DAN,0.2879548906837109
34,sub-01,VAN,DMN,0.29810326040734375
35,sub-01,VAN,Motor,0.283044814940417
36,sub-01,VAN,Aud.,0.2738330740853903
37,sub-01,VAN,Vis.,0.2905251514659118
38,sub-01,VAN,Subc.,0.2879865070880964
39,sub-01,VAN,Whole Brain,0.28901525980454307
40,sub-01,DAN,FPN,0.28124573964533456
41,sub-01,DAN,CON,0.287528173479372
42,sub-01,DAN,SAN,0.29266524300688385
43,sub-01,DAN,VAN,0.2879548906837109
44,sub-01,DAN,DMN,0.296155642403049
45,sub-01,DAN,Motor,0.2721111431210616
46,sub-01,DAN,Aud.,0.26782072928211587
47,sub-01,DAN,Vis.,0.286104030362733
48,sub-01,DAN,Subc.,0.28374347059004557
49,sub-01,DAN,Whole Brain,0.2861944722820106
50,sub-01,DMN,FPN,0.2906282657926147
51,sub-01,DMN,CON,0.2994205087136685
52,sub-01,DMN,SAN,0.3059055310637006
53,sub-01,DMN,VAN,0.29810326040734375
54,sub-01,DMN,DAN,0.29615564240304904
55,sub-01,DMN,Motor,0.2911273079294995
56,sub-01,DMN,Aud.,0.2832091055519195
57,sub-01,DMN,Vis.,0.30005720944832165
58,sub-01,DMN,Subc.,0.2991143072313652
59,sub-01,DMN,Whole Brain,0.2999601426996891
60,sub-01,Motor,FPN,0.27552218087559566
61,sub-01,Motor,CON,0.28087627466247905
62,sub-01,Motor,SAN,0.28818702392327517
63,sub-01,Motor,VAN,0.28304481494041706
64,sub-01,Motor,DAN,0.2721111431210616
65,sub-01,Motor,DMN,0.2911273079294995
66,sub-01,Motor,Aud.,0.2651935751687324
67,sub-01,Motor,Vis.,0.2839039265383228
68,sub-01,Motor,Subc.,0.27784503960063717
69,sub-01,Motor,Whole Brain,0.2821267272586355
70,sub-01,Aud.,FPN,0.26767593682636276
71,sub-01,Aud.,CON,0.27012966928329735
72,sub-01,Aud.,SAN,0.2806984266201416
73,sub-01,Aud.,VAN,0.2738330740853903
74,sub-01,Aud.,DAN,0.26782072928211587
75,sub-01,Aud.,DMN,0.28320910555191947
76,sub-01,Aud.,Motor,0.2651935751687324
77,sub-01,Aud.,Vis.,0.27772527041442013
78,sub-01,Aud.,Subc.,0.2725671285771512
79,sub-01,Aud.,Whole Brain,0.27495885873673076
80,sub-01,Vis.,FPN,0.28328243132668895
81,sub-01,Vis.,CON,0.2936992435564206
82,sub-01,Vis.,SAN,0.2981815070509097
83,sub-01,Vis.,VAN,0.2905251514659117
84,sub-01,Vis.,DAN,0.2861040303627331
85,sub-01,Vis.,DMN,0.3000572094483216
86,sub-01,Vis.,Motor,0.2839039265383228
87,sub-01,Vis.,Aud.,0.27772527041442013
88,sub-01,Vis.,Subc.,0.29324861478516123
89,sub-01,Vis.,Whole Brain,0.29210173767886954
90,sub-01,Subc.,FPN,0.282502168767019
91,sub-01,Subc.,CON,0.2875836271064015
92,sub-01,Subc.,SAN,0.2938272955398283
93,sub-01,Subc.,VAN,0.28798650708809637
94,sub-01,Subc.,DAN,0.28374347059004557
95,sub-01,Subc.,DMN,0.2991143072313653
96,sub-01,Subc.,Motor,0.27784503960063717
97,sub-01,Subc.,Aud.,0.2725671285771512
98,sub-01,Subc.,Vis.,0.2932486147851612
99,sub-01,Subc.,Whole Brain,0.29006111900440396
100,sub-01,Whole Brain,FPN,0.28371597249660474
101,sub-01,Whole Brain,CON,0.28946667828563405
102,sub-01,Whole Brain,SAN,0.29608213035122777
103,sub-01,Whole Brain,VAN,0.28901525980454307
104,sub-01,Whole Brain,DAN,0.2861944722820106
105,sub-01,Whole Brain,DMN,0.2999601426996891
106,sub-01,Whole Brain,Motor,0.28212672725863547
107,sub-01,Whole Brain,Aud.,0.27495885873673076
108,sub-01,Whole Brain,Vis.,0.2921017376788696
109,sub-01,Whole Brain,Subc.,0.29006111900440396
110,sub-02,FPN,CON,0.31133549370247565
111,sub-02,FPN,SAN,0.3118760533550004
112,sub-02,FPN,VAN,0.3243119160558614
113,sub-02,FPN,DAN,0.3091520247855913
114,sub-02,FPN,DMN,0.3026532367014553
115,sub-02,FPN,Motor,0.3074658392761149
116,sub-02,FPN,Aud.,0.3150289562699999
117,sub-02,FPN,Vis.,0.31029730236694103
118,sub-02,FPN,Subc.,0.30667379407709666
119,sub-02,FPN,Whole Brain,0.3080759196484272
120,sub-02,CON,FPN,0.31133549370247565
121,sub-02,CON,SAN,0.32238672597178913
122,sub-02,CON,VAN,0.33871726692742293
123,sub-02,CON,DAN,0.320451965041484
124,sub-02,CON,DMN,0.3188467752372562
125,sub-02,CON,Motor,0.3175705826444651
126,sub-02,CON,Aud.,0.30709707962187016
127,sub-02,CON,Vis.,0.3275052439009913
128,sub-02,CON,Subc.,0.3223422232779637
129,sub-02,CON,Whole Brain,0.320642197469518
130,sub-02,SAN,FPN,0.3118760533550004
131,sub-02,SAN,CON,0.32238672597178913
132,sub-02,SAN,VAN,0.32491466598113894
133,sub-02,SAN,DAN,0.32057926771980605
134,sub-02,SAN,DMN,0.3161942589029567
135,sub-02,SAN,Motor,0.3205593501675582
136,sub-02,SAN,Aud.,0.31123543108831925
137,sub-02,SAN,Vis.,0.3239395450913267
138,sub-02,SAN,Subc.,0.3209745703496923
139,sub-02,SAN,Whole Brain,0.3200520190429608
140,sub-02,VAN,FPN,0.3243119160558614
141,sub-02,VAN,CON,0.33871726692742293
142,sub-02,VAN,SAN,0.32491466598113905
143,sub-02,VAN,DAN,0.33187384635273076
144,sub-02,VAN,DMN,0.3287650140643815
145,sub-02,VAN,Motor,0.33504197701072597
146,sub-02,VAN,Aud.,0.31964829293460456
147,sub-02,VAN,Vis.,0.33363118591812324
148,sub-02,VAN,Subc.,0.338682626863528
149,sub-02,VAN,Whole Brain,0.3315350021970564
150,sub-02,DAN,FPN,0.3091520247855913
151,sub-02,DAN,CON,0.320451965041484
152,sub-02,DAN,SAN,0.32057926771980605
153,sub-02,DAN,VAN,0.3318738463527307
154,sub-02,DAN,DMN,0.31808787155155804
155,sub-02,DAN,Motor,0.31513518378468625
156,sub-02,DAN,Aud.,0.31180074645290445
157,sub-02,DAN,Vis.,0.3227686289268688
158,sub-02,DAN,Subc.,0.31613385818031764
159,sub-02,DAN,Whole Brain,0.31871773963939865
160,sub-02,DMN,FPN,0.3026532367014553
161,sub-02,DMN,CON,0.3188467752372562
162,sub-02,DMN,SAN,0.3161942589029567
163,sub-02,DMN,VAN,0.3287650140643815
164,sub-02,DMN,DAN,0.31808787155155804
165,sub-02,DMN,Motor,0.31491784461714173
166,sub-02,DMN,Aud.,0.31323828618023436
167,sub-02,DMN,Vis.,0.3194110310555109
168,sub-02,DMN,Subc.,0.3167532376201439
169,sub-02,DMN,Whole Brain,0.3154762331063252
170,sub-02,Motor,FPN,0.3074658392761149
171,sub-02,Motor,CON,0.3175705826444651
172,sub-02,Motor,SAN,0.32055935016755815
173,sub-02,Motor,VAN,0.33504197701072597
174,sub-02,Motor,DAN,0.3151351837846862
175,sub-02,Motor,DMN,0.31491784461714173
176,sub-02,Motor,Aud.,0.31115082120780924
177,sub-02,Motor,Vis.,0.32223304495821214
178,sub-02,Motor,Subc.,0.31991071401581533
179,sub-02,Motor,Whole Brain,0.3169177989505293
180,sub-02,Aud.,FPN,0.3150289562699998
181,sub-02,Aud.,CON,0.30709707962187016
182,sub-02,Aud.,SAN,0.3112354310883192
183,sub-02,Aud.,VAN,0.31964829293460456
184,sub-02,Aud.,DAN,0.31180074645290445
185,sub-02,Aud.,DMN,0.31323828618023436
186,sub-02,Aud.,Motor,0.31115082120780924
187,sub-02,Aud.,Vis.,0.3170119231864396
188,sub-02,Aud.,Subc.,0.318446368346277
189,sub-02,Aud.,Whole Brain,0.3128155796088695
190,sub-02,Vis.,FPN,0.31029730236694103
191,sub-02,Vis.,CON,0.3275052439009913
192,sub-02,Vis.,SAN,0.3239395450913268
193,sub-02,Vis.,VAN,0.33363118591812324
194,sub-02,Vis.,DAN,0.3227686289268688
195,sub-02,Vis.,DMN,0.3194110310555109
196,sub-02,Vis.,Motor,0.32223304495821214
197,sub-02,Vis.,Aud.,0.3170119231864396
198,sub-02,Vis.,Subc.,0.32463624168214505
199,sub-02,Vis.,Whole Brain,0.3233552422552095
200,sub-02,Subc.,FPN,0.30667379407709666
201,sub-02,Subc.,CON,0.3223422232779638
202,sub-02,Subc.,SAN,0.3209745703496923
203,sub-02,Subc.,VAN,0.338682626863528
204,sub-02,Subc.,DAN,0.31613385818031764
205,sub-02,Subc.,DMN,0.3167532376201439
206,sub-02,Subc.,Motor,0.31991071401581533
207,sub-02,Subc.,Aud.,0.3184463683462771
208,sub-02,Subc.,Vis.,0.32463624168214505
209,sub-02,Subc.,Whole Brain,0.3199809817773077
210,sub-02,Whole Brain,FPN,0.3080759196484271
211,sub-02,Whole Brain,CON,0.320642197469518
212,sub-02,Whole Brain,SAN,0.3200520190429608
213,sub-02,Whole Brain,VAN,0.33153500219705634
214,sub-02,Whole Brain,DAN,0.31871773963939865
215,sub-02,Whole Brain,DMN,0.31547623310632517
216,sub-02,Whole Brain,Motor,0.3169177989505293
217,sub-02,Whole Brain,Aud.,0.3128155796088695
218,sub-02,Whole Brain,Vis.,0.32335524225520956
219,sub-02,Whole Brain,Subc.,0.3199809817773077
220,sub-03,FPN,CON,0.2516835514905004
221,sub-03,FPN,SAN,0.24174028358248684
222,sub-03,FPN,VAN,0.2658830544457821
223,sub-03,FPN,DAN,0.2662913862063019
224,sub-03,FPN,DMN,0.2713673088305929
225,sub-03,FPN,Motor,0.26072407987031004
226,sub-03,FPN,Aud.,0.2657370582693971
227,sub-03,FPN,Vis.,0.2802299789350165
228,sub-03,FPN,Subc.,0.284137068046795
229,sub-03,FPN,Whole Brain,0.26988852732656177
230,sub-03,CON,FPN,0.2516835514905005
231,sub-03,CON,SAN,0.24738167267845482
232,sub-03,CON,VAN,0.25297164610841094
233,sub-03,CON,DAN,0.27669204554313603
234,sub-03,CON,DMN,0.28197785671627434
235,sub-03,CON,Motor,0.25516900956350286
236,sub-03,CON,Aud.,0.2426894139997586
237,sub-03,CON,Vis.,0.2874517536889687
238,sub-03,CON,Subc.,0.2762448016962592
239,sub-03,CON,Whole Brain,0.27516232824849335
240,sub-03,SAN,FPN,0.24174028358248684
241,sub-03,SAN,CON,0.24738167267845482
242,sub-03,SAN,VAN,0.26530270195316974
243,sub-03,SAN,DAN,0.2837922288235162
244,sub-03,SAN,DMN,0.2726016126155887
245,sub-03,SAN,Motor,0.2595915777048787
246,sub-03,SAN,Aud.,0.26482893813428254
247,sub-03,SAN,Vis.,0.29152032799018923
248,sub-03,SAN,Subc.,0.28749448469431915
249,sub-03,SAN,Whole Brain,0.27478012348702024
250,sub-03,VAN,FPN,0.26588305444578214
251,sub-03,VAN,CON,0.25297164610841094
252,sub-03,VAN,SAN,0.26530270195316974
253,sub-03,VAN,DAN,0.2771607851908291
254,sub-03,VAN,DMN,0.2690894322345099
255,sub-03,VAN,Motor,0.26393477285251893
256,sub-03,VAN,Aud.,0.2340317624918064
257,sub-03,VAN,Vis.,0.29149719828516457
258,sub-03,VAN,Subc.,0.28831879578251884
259,sub-03,VAN,Whole Brain,0.2751691003959685
260,sub-03,DAN,FPN,0.2662913862063019
261,sub-03,DAN,CON,0.27669204554313603
262,sub-03,DAN,SAN,0.2837922288235162
263,sub-03,DAN,VAN,0.2771607851908291
264,sub-03,DAN,DMN,0.2851572922742756
265,sub-03,DAN,Motor,0.2656551317108872
266,sub-03,DAN,Aud.,0.26805101085739313
267,sub-03,DAN,Vis.,0.25581454115183927
268,sub-03,DAN,Subc.,0.3043800402975466
269,sub-03,DAN,Whole Brain,0.2779562789130304
270,sub-03,DMN,FPN,0.2713673088305929
271,sub-03,DMN,CON,0.28197785671627434
272,sub-03,DMN,SAN,0.27260161261558863
273,sub-03,DMN,VAN,0.2690894322345099
274,sub-03,DMN,DAN,0.2851572922742756
275,sub-03,DMN,Motor,0.2758339475205973
276,sub-03,DMN,Aud.,0.2701842986255322
277,sub-03,DMN,Vis.,0.2895742046202279
278,sub-03,DMN,Subc.,0.2934382010961494
279,sub-03,DMN,Whole Brain,0.2815702669259776
280,sub-03,Motor,FPN,0.26072407987031004
281,sub-03,Motor,CON,0.25516900956350286
282,sub-03,Motor,SAN,0.2595915777048787
283,sub-03,Motor,VAN,0.26393477285251893
284,sub-03,Motor,DAN,0.2656551317108872
285,sub-03,Motor,DMN,0.27583394752059737
286,sub-03,Motor,Aud.,0.2360949073270631
287,sub-03,Motor,Vis.,0.273682032452299
288,sub-03,Motor,Subc.,0.28817153324585076
289,sub-03,Motor,Whole Brain,0.2697566362187759
290,sub-03,Aud.,FPN,0.2657370582693971
291,sub-03,Aud.,CON,0.24268941399975866
292,sub-03,Aud.,SAN,0.2648289381342825
293,sub-03,Aud.,VAN,0.23403176249180638
294,sub-03,Aud.,DAN,0.26805101085739313
295,sub-03,Aud.,DMN,0.2701842986255322
296,sub-03,Aud.,Motor,0.236094907327063
297,sub-03,Aud.,Vis.,0.2818684813235276
298,sub-03,Aud.,Subc.,0.27472878391594896
299,sub-03,Aud.,Whole Brain,0.265225413279229
300,sub-03,Vis.,FPN,0.28022997893501655
301,sub-03,Vis.,CON,0.28745175368896864
302,sub-03,Vis.,SAN,0.29152032799018923
303,sub-03,Vis.,VAN,0.29149719828516457
304,sub-03,Vis.,DAN,0.2558145411518392
305,sub-03,Vis.,DMN,0.2895742046202279
306,sub-03,Vis.,Motor,0.273682032452299
307,sub-03,Vis.,Aud.,0.2818684813235276
308,sub-03,Vis.,Subc.,0.3003419556150933
309,sub-03,Vis.,Whole Brain,0.27503165764801135
310,sub-03,Subc.,FPN,0.284137068046795
311,sub-03,Subc.,CON,0.2762448016962592
312,sub-03,Subc.,SAN,0.28749448469431915
313,sub-03,Subc.,VAN,0.28831879578251884
314,sub-03,Subc.,DAN,0.3043800402975466
315,sub-03,Subc.,DMN,0.2934382010961494
316,sub-03,Subc.,Motor,0.28817153324585076
317,sub-03,Subc.,Aud.,0.27472878391594896
318,sub-03,Subc.,Vis.,0.3003419556150932
319,sub-03,Subc.,Whole Brain,0.2971051542426637
320,sub-03,Whole Brain,FPN,0.26988852732656177
321,sub-03,Whole Brain,CON,0.2751623282484933
322,sub-03,Whole Brain,SAN,0.27478012348702024
323,sub-03,Whole Brain,VAN,0.2751691003959685
324,sub-03,Whole Brain,DAN,0.27795627891303043
325,sub-03,Whole Brain,DMN,0.2815702669259776
326,sub-03,Whole Brain,Motor,0.2697566362187758
327,sub-03,Whole Brain,Aud.,0.26522541327922894
328,sub-03,Whole Brain,Vis.,0.27503165764801135
329,sub-03,Whole Brain,Subc.,0.2971051542426637
330,sub-04,FPN,CON,0.23073830418599994
331,sub-04,FPN,SAN,0.2350265947578205
332,sub-04,FPN,VAN,0.23645812535463606
333,sub-04,FPN,DAN,0.23114726497522733
334,sub-04,FPN,DMN,0.22541884802261392
335,sub-04,FPN,Motor,0.22983174439446802
336,sub-04,FPN,Aud.,0.23341129520790654
337,sub-04,FPN,Vis.,0.2336399727185127
338,sub-04,FPN,Subc.,0.24272530048592444
339,sub-04,FPN,Whole Brain,0.2342411341272642
340,sub-04,CON,FPN,0.23073830418599994
341,sub-04,CON,SAN,0.23054757326987435
342,sub-04,CON,VAN,0.22304193365194583
343,sub-04,CON,DAN,0.2270182187804557
344,sub-04,CON,DMN,0.2194022526601293
345,sub-04,CON,Motor,0.22192993797576305
346,sub-04,CON,Aud.,0.2254044726808041
347,sub-04,CON,Vis.,0.22941000615354465
348,sub-04,CON,Subc.,0.24128278840710624
349,sub-04,CON,Whole Brain,0.23008548021120812
350,sub-04,SAN,FPN,0.23502659475782053
351,sub-04,SAN,CON,0.23054757326987438
352,sub-04,SAN,VAN,0.23239528227888198
353,sub-04,SAN,DAN,0.23528975730515095
354,sub-04,SAN,DMN,0.22570638539526489
355,sub-04,SAN,Motor,0.23225082657331997
356,sub-04,SAN,Aud.,0.23663685286325528
357,sub-04,SAN,Vis.,0.23607075608916345
358,sub-04,SAN,Subc.,0.2482278649148534
359,sub-04,SAN,Whole Brain,0.23659668508412943
360,sub-04,VAN,FPN,0.23645812535463606
361,sub-04,VAN,CON,0.22304193365194577
362,sub-04,VAN,SAN,0.232395282278882
363,sub-04,VAN,DAN,0.2353704917846006
364,sub-04,VAN,DMN,0.22314303092142435
365,sub-04,VAN,Motor,0.22987439939222143
366,sub-04,VAN,Aud.,0.22993527346762183
367,sub-04,VAN,Vis.,0.236352008458596
368,sub-04,VAN,Subc.,0.24470946360432813
369,sub-04,VAN,Whole Brain,0.2350030305338197
370,sub-04,DAN,FPN,0.23114726497522733
371,sub-04,DAN,CON,0.22701821878045564
372,sub-04,DAN,SAN,0.23528975730515095
373,sub-04,DAN,VAN,0.2353704917846006
374,sub-04,DAN,DMN,0.2231325078667432
375,sub-04,DAN,Motor,0.22629069986251035
376,sub-04,DAN,Aud.,0.2329628005051666
377,sub-04,DAN,Vis.,0.2316465641071795
378,sub-04,DAN,Subc.,0.24407718468058417
379,sub-04,DAN,Whole Brain,0.23306900068718073
380,sub-04,DMN,FPN,0.22541884802261392
381,sub-04,DMN,CON,0.21940225266012936
382,sub-04,DMN,SAN,0.22570638539526483
383,sub-04,DMN,VAN,0.22314303092142437
384,sub-04,DMN,DAN,0.22313250786674327
385,sub-04,DMN,Motor,0.22238342985076498
386,sub-04,DMN,Aud.,0.22592956757243776
387,sub-04,DMN,Vis.,0.2258288865843797
388,sub-04,DMN,Subc.,0.23606577875454918
389,sub-04,DMN,Whole Brain,0.22586312665513067
390,sub-04,Motor,FPN,0.22983174439446802
391,sub-04,Motor,CON,0.22192993797576305
392,sub-04,Motor,SAN,0.23225082657331997
393,sub-04,Motor,VAN,0.22987439939222135
394,sub-04,Motor,DAN,0.22629069986251035
395,sub-04,Motor,DMN,0.22238342985076498
396,sub-04,Motor,Aud.,0.2275013228563287
397,sub-04,Motor,Vis.,0.2292603636993381
398,sub-04,Motor,Subc.,0.23953930523893588
399,sub-04,Motor,Whole Brain,0.22999932102843862
400,sub-04,Aud.,FPN,0.23341129520790654
401,sub-04,Aud.,CON,0.2254044726808041
402,sub-04,Aud.,SAN,0.23663685286325525
403,sub-04,Aud.,VAN,0.22993527346762185
404,sub-04,Aud.,DAN,0.23296280050516666
405,sub-04,Aud.,DMN,0.22592956757243773
406,sub-04,Aud.,Motor,0.2275013228563287
407,sub-04,Aud.,Vis.,0.23037903511216398
408,sub-04,Aud.,Subc.,0.24404126753687053
409,sub-04,Aud.,Whole Brain,0.233195606184394
410,sub-04,Vis.,FPN,0.2336399727185127
411,sub-04,Vis.,CON,0.22941000615354465
412,sub-04,Vis.,SAN,0.23607075608916345
413,sub-04,Vis.,VAN,0.23635200845859602
414,sub-04,Vis.,DAN,0.23164656410717951
415,sub-04,Vis.,DMN,0.2258288865843797
416,sub-04,Vis.,Motor,0.2292603636993381
417,sub-04,Vis.,Aud.,0.23037903511216398
418,sub-04,Vis.,Subc.,0.2464954827574953
419,sub-04,Vis.,Whole Brain,0.23518612614619094
420,sub-04,Subc.,FPN,0.24272530048592444
421,sub-04,Subc.,CON,0.24128278840710624
422,sub-04,Subc.,SAN,0.2482278649148534
423,sub-04,Subc.,VAN,0.24470946360432813
424,sub-04,Subc.,DAN,0.24407718468058417
425,sub-04,Subc.,DMN,0.23606577875454918
426,sub-04,Subc.,Motor,0.23953930523893593
427,sub-04,Subc.,Aud.,0.24404126753687053
428,sub-04,Subc.,Vis.,0.2464954827574953
429,sub-04,Subc.,Whole Brain,0.24575171829143738
430,sub-04,Whole Brain,FPN,0.2342411341272642
431,sub-04,Whole Brain,CON,0.23008548021120806
432,sub-04,Whole Brain,SAN,0.23659668508412937
433,sub-04,Whole Brain,VAN,0.23500303053381974
434,sub-04,Whole Brain,DAN,0.23306900068718076
435,sub-04,Whole Brain,DMN,0.22586312665513067
436,sub-04,Whole Brain,Motor,0.22999932102843862
437,sub-04,Whole Brain,Aud.,0.233195606184394
438,sub-04,Whole Brain,Vis.,0.23518612614619094
439,sub-04,Whole Brain,Subc.,0.24575171829143735
440,sub-05,FPN,CON,0.32008938919470514
441,sub-05,FPN,SAN,0.2709157751575849
442,sub-05,FPN,VAN,0.2968806712784667
443,sub-05,FPN,DAN,0.29441771733778466
444,sub-05,FPN,DMN,0.29580303904897154
445,sub-05,FPN,Motor,0.33177094009342034
446,sub-05,FPN,Aud.,0.34301056045435435
447,sub-05,FPN,Vis.,0.3363626330570254
448,sub-05,FPN,Subc.,0.3034194823923065
449,sub-05,FPN,Whole Brain,0.3079990531813015
450,sub-05,CON,FPN,0.3200893891947052
451,sub-05,CON,SAN,0.33481570573080544
452,sub-05,CON,VAN,0.29910451233044233
453,sub-05,CON,DAN,0.3416953955829405
454,sub-05,CON,DMN,0.32931102717481425
455,sub-05,CON,Motor,0.3244584579418239
456,sub-05,CON,Aud.,0.28031222755885815
457,sub-05,CON,Vis.,0.33068216110730175
458,sub-05,CON,Subc.,0.2988314938729201
459,sub-05,CON,Whole Brain,0.3310963220998298
460,sub-05,SAN,FPN,0.2709157751575849
461,sub-05,SAN,CON,0.33481570573080544
462,sub-05,SAN,VAN,0.3197906026955408
463,sub-05,SAN,DAN,0.32170605990048445
464,sub-05,SAN,DMN,0.31546796556626483
465,sub-05,SAN,Motor,0.3358499625592093
466,sub-05,SAN,Aud.,0.3510703741606956
467,sub-05,SAN,Vis.,0.3542518168192319
468,sub-05,SAN,Subc.,0.3272241243443831
469,sub-05,SAN,Whole Brain,0.3256743973475373
470,sub-05,VAN,FPN,0.2968806712784667
471,sub-05,VAN,CON,0.29910451233044233
472,sub-05,VAN,SAN,0.3197906026955409
473,sub-05,VAN,DAN,0.32633052952555297
474,sub-05,VAN,DMN,0.3094928541590529
475,sub-05,VAN,Motor,0.3301104736329789
476,sub-05,VAN,Aud.,0.27242191625371237
477,sub-05,VAN,Vis.,0.3233177058953863
478,sub-05,VAN,Subc.,0.29334909993923164
479,sub-05,VAN,Whole Brain,0.3191416610427634
480,sub-05,DAN,FPN,0.29441771733778466
481,sub-05,DAN,CON,0.3416953955829405
482,sub-05,DAN,SAN,0.32170605990048445
483,sub-05,DAN,VAN,0.32633052952555297
484,sub-05,DAN,DMN,0.32753583228897853
485,sub-05,DAN,Motor,0.3145420305276448
486,sub-05,DAN,Aud.,0.33083666675790085
487,sub-05,DAN,Vis.,0.3186696680082518
488,sub-05,DAN,Subc.,0.33122490574579183
489,sub-05,DAN,Whole Brain,0.3219358075103277
490,sub-05,DMN,FPN,0.29580303904897154
491,sub-05,DMN,CON,0.32931102717481425
492,sub-05,DMN,SAN,0.31546796556626483
493,sub-05,DMN,VAN,0.3094928541590529
494,sub-05,DMN,DAN,0.3275358322889785
495,sub-05,DMN,Motor,0.34209388880610225
496,sub-05,DMN,Aud.,0.3159136284489704
497,sub-05,DMN,Vis.,0.32784039955951494
498,sub-05,DMN,Subc.,0.31085038770126366
499,sub-05,DMN,Whole Brain,0.3237291778353094
500,sub-05,Motor,FPN,0.3317709400934203
501,sub-05,Motor,CON,0.3244584579418239
502,sub-05,Motor,SAN,0.33584996255920924
503,sub-05,Motor,VAN,0.3301104736329789
504,sub-05,Motor,DAN,0.31454203052764473
505,sub-05,Motor,DMN,0.3420938888061022
506,sub-05,Motor,Aud.,0.2928634472120064
507,sub-05,Motor,Vis.,0.3187907438715605
508,sub-05,Motor,Subc.,0.3348444593641459
509,sub-05,Motor,Whole Brain,0.3252675831982273
510,sub-05,Aud.,FPN,0.34301056045435435
511,sub-05,Aud.,CON,0.28031222755885815
512,sub-05,Aud.,SAN,0.3510703741606956
513,sub-05,Aud.,VAN,0.2724219162537124
514,sub-05,Aud.,DAN,0.33083666675790085
515,sub-05,Aud.,DMN,0.3159136284489704
516,sub-05,Aud.,Motor,0.2928634472120064
517,sub-05,Aud.,Vis.,0.28824136300482367
518,sub-05,Aud.,Subc.,0.2800897897894688
519,sub-05,Aud.,Whole Brain,0.3132314924271059
520,sub-05,Vis.,FPN,0.3363626330570254
521,sub-05,Vis.,CON,0.33068216110730175
522,sub-05,Vis.,SAN,0.3542518168192319
523,sub-05,Vis.,VAN,0.3233177058953863
524,sub-05,Vis.,DAN,0.31866966800825175
525,sub-05,Vis.,DMN,0.32784039955951494
526,sub-05,Vis.,Motor,0.3187907438715605
527,sub-05,Vis.,Aud.,0.28824136300482367
528,sub-05,Vis.,Subc.,0.31371463608908773
529,sub-05,Vis.,Whole Brain,0.3208442954981939
530,sub-05,Subc.,FPN,0.3034194823923065
531,sub-05,Subc.,CON,0.2988314938729201
532,sub-05,Subc.,SAN,0.3272241243443831
533,sub-05,Subc.,VAN,0.29334909993923164
534,sub-05,Subc.,DAN,0.3312249057457918
535,sub-05,Subc.,DMN,0.31085038770126366
536,sub-05,Subc.,Motor,0.334844459364146
537,sub-05,Subc.,Aud.,0.2800897897894688
538,sub-05,Subc.,Vis.,0.31371463608908773
539,sub-05,Subc.,Whole Brain,0.31991775836859
540,sub-05,Whole Brain,FPN,0.3079990531813015
541,sub-05,Whole Brain,CON,0.33109632209982987
542,sub-05,Whole Brain,SAN,0.3256743973475372
543,sub-05,Whole Brain,VAN,0.31914166104276337
544,sub-05,Whole Brain,DAN,0.3219358075103277
545,sub-05,Whole Brain,DMN,0.3237291778353094
546,sub-05,Whole Brain,Motor,0.3252675831982273
547,sub-05,Whole Brain,Aud.,0.3132314924271059
548,sub-05,Whole Brain,Vis.,0.3208442954981939
549,sub-05,Whole Brain,Subc.,0.31991775836859
550,sub-06,FPN,CON,0.27442069643441525
551,sub-06,FPN,SAN,0.2843969674250986
552,sub-06,FPN,VAN,0.2799351519615804
553,sub-06,FPN,DAN,0.27905324932519393
554,sub-06,FPN,DMN,0.2750220642032203
555,sub-06,FPN,Motor,0.2788924973792978
556,sub-06,FPN,Aud.,0.28081714118817114
557,sub-06,FPN,Vis.,0.28303800689370306
558,sub-06,FPN,Subc.,0.28320989432981364
559,sub-06,FPN,Whole Brain,0.28020421976945786
560,sub-06,CON,FPN,0.27442069643441525
561,sub-06,CON,SAN,0.29236973088778384
562,sub-06,CON,VAN,0.2848607437110053
563,sub-06,CON,DAN,0.2837546794396293
564,sub-06,CON,DMN,0.27889423595142926
565,sub-06,CON,Motor,0.27541248743474933
566,sub-06,CON,Aud.,0.28707848641027356
567,sub-06,CON,Vis.,0.28042204300686346
568,sub-06,CON,Subc.,0.28183418829482204
569,sub-06,CON,Whole Brain,0.28225385091882405
570,sub-06,SAN,FPN,0.2843969674250986
571,sub-06,SAN,CON,0.29236973088778384
572,sub-06,SAN,VAN,0.28995983965243194
573,sub-06,SAN,DAN,0.2989585657287322
574,sub-06,SAN,DMN,0.2864287968084616
575,sub-06,SAN,Motor,0.29519408467399316
576,sub-06,SAN,Aud.,0.295440868418025
577,sub-06,SAN,Vis.,0.2973882753262795
578,sub-06,SAN,Subc.,0.2993369953719242
579,sub-06,SAN,Whole Brain,0.29417131700467364
580,sub-06,VAN,FPN,0.2799351519615804
581,sub-06,VAN,CON,0.2848607437110053
582,sub-06,VAN,SAN,0.28995983965243194
583,sub-06,VAN,DAN,0.2899819571800573
584,sub-06,VAN,DMN,0.2778936574372847
585,sub-06,VAN,Motor,0.2838639120870765
586,sub-06,VAN,Aud.,0.2828663197136503
587,sub-06,VAN,Vis.,0.28025865065683114
588,sub-06,VAN,Subc.,0.2799448680083079
589,sub-06,VAN,Whole Brain,0.28239805924094735
590,sub-06,DAN,FPN,0.279053249325194
591,sub-06,DAN,CON,0.2837546794396293
592,sub-06,DAN,SAN,0.2989585657287321
593,sub-06,DAN,VAN,0.2899819571800573
594,sub-06,DAN,DMN,0.28480786363012983
595,sub-06,DAN,Motor,0.28678674808131366
596,sub-06,DAN,Aud.,0.2906733285249567
597,sub-06,DAN,Vis.,0.2891170434922086
598,sub-06,DAN,Subc.,0.2988350453871006
599,sub-06,DAN,Whole Brain,0.289180450873049
600,sub-06,DMN,FPN,0.27502206420322034
601,sub-06,DMN,CON,0.27889423595142926
602,sub-06,DMN,SAN,0.2864287968084616
603,sub-06,DMN,VAN,0.2778936574372847
604,sub-06,DMN,DAN,0.28480786363012983
605,sub-06,DMN,Motor,0.28369239637591476
606,sub-06,DMN,Aud.,0.28365349784643734
607,sub-06,DMN,Vis.,0.28225695054743366
608,sub-06,DMN,Subc.,0.2843647823921413
609,sub-06,DMN,Whole Brain,0.2821804983886518
610,sub-06,Motor,FPN,0.2788924973792978
611,sub-06,Motor,CON,0.27541248743474933
612,sub-06,Motor,SAN,0.2951940846739932
613,sub-06,Motor,VAN,0.2838639120870765
614,sub-06,Motor,DAN,0.28678674808131366
615,sub-06,Motor,DMN,0.28369239637591476
616,sub-06,Motor,Aud.,0.28861512699519154
617,sub-06,Motor,Vis.,0.28337536842028743
618,sub-06,Motor,Subc.,0.28450236603598267
619,sub-06,Motor,Whole Brain,0.2852093349356512
620,sub-06,Aud.,FPN,0.28081714118817114
621,sub-06,Aud.,CON,0.28707848641027345
622,sub-06,Aud.,SAN,0.295440868418025
623,sub-06,Aud.,VAN,0.28286631971365017
624,sub-06,Aud.,DAN,0.2906733285249567
625,sub-06,Aud.,DMN,0.28365349784643734
626,sub-06,Aud.,Motor,0.28861512699519154
627,sub-06,Aud.,Vis.,0.28483212927259194
628,sub-06,Aud.,Subc.,0.28676179427154735
629,sub-06,Aud.,Whole Brain,0.28724098991770153
630,sub-06,Vis.,FPN,0.28303800689370306
631,sub-06,Vis.,CON,0.28042204300686346
632,sub-06,Vis.,SAN,0.2973882753262795
633,sub-06,Vis.,VAN,0.28025865065683114
634,sub-06,Vis.,DAN,0.2891170434922086
635,sub-06,Vis.,DMN,0.28225695054743366
636,sub-06,Vis.,Motor,0.28337536842028743
637,sub-06,Vis.,Aud.,0.28483212927259194
638,sub-06,Vis.,Subc.,0.2830688367718548
639,sub-06,Vis.,Whole Brain,0.28507166266584594
640,sub-06,Subc.,FPN,0.28320989432981364
641,sub-06,Subc.,CON,0.28183418829482204
642,sub-06,Subc.,SAN,0.29933699537192426
643,sub-06,Subc.,VAN,0.2799448680083079
644,sub-06,Subc.,DAN,0.2988350453871006
645,sub-06,Subc.,DMN,0.2843647823921413
646,sub-06,Subc.,Motor,0.28450236603598267
647,sub-06,Subc.,Aud.,0.28676179427154735
648,sub-06,Subc.,Vis.,0.2830688367718548
649,sub-06,Subc.,Whole Brain,0.2872821467158993
650,sub-06,Whole Brain,FPN,0.28020421976945786
651,sub-06,Whole Brain,CON,0.28225385091882405
652,sub-06,Whole Brain,SAN,0.29417131700467364
653,sub-06,Whole Brain,VAN,0.2823980592409473
654,sub-06,Whole Brain,DAN,0.2891804508730489
655,sub-06,Whole Brain,DMN,0.2821804983886518
656,sub-06,Whole Brain,Motor,0.2852093349356512
657,sub-06,Whole Brain,Aud.,0.28724098991770153
658,sub-06,Whole Brain,Vis.,0.285071662665846
659,sub-06,Whole Brain,Subc.,0.2872821467158993
660,sub-09,FPN,CON,0.29996174087233435
661,sub-09,FPN,SAN,0.308612238164234
662,sub-09,FPN,VAN,0.31296551756681407
663,sub-09,FPN,DAN,0.305796919163516
664,sub-09,FPN,DMN,0.2991543554738988
665,sub-09,FPN,Motor,0.2988961168300145
666,sub-09,FPN,Aud.,0.31340886450922734
667,sub-09,FPN,Vis.,0.3017524592967115
668,sub-09,FPN,Subc.,0.30610810889579815
669,sub-09,FPN,Whole Brain,0.30331895783430995
670,sub-09,CON,FPN,0.29996174087233424
671,sub-09,CON,SAN,0.3034861963639199
672,sub-09,CON,VAN,0.2975795592821471
673,sub-09,CON,DAN,0.30220484629073435
674,sub-09,CON,DMN,0.29444188471698435
675,sub-09,CON,Motor,0.29488604109276123
676,sub-09,CON,Aud.,0.3016342520967692
677,sub-09,CON,Vis.,0.29802858279689987
678,sub-09,CON,Subc.,0.3069597835496968
679,sub-09,CON,Whole Brain,0.299881945612134
680,sub-09,SAN,FPN,0.30861223816423394
681,sub-09,SAN,CON,0.3034861963639199
682,sub-09,SAN,VAN,0.30893923488094105
683,sub-09,SAN,DAN,0.31468471923803726
684,sub-09,SAN,DMN,0.3079664866092543
685,sub-09,SAN,Motor,0.30439833939446764
686,sub-09,SAN,Aud.,0.31951221716346306
687,sub-09,SAN,Vis.,0.3140679535913619
688,sub-09,SAN,Subc.,0.3171409622938677
689,sub-09,SAN,Whole Brain,0.3127119620280722
690,sub-09,VAN,FPN,0.31296551756681407
691,sub-09,VAN,CON,0.2975795592821471
692,sub-09,VAN,SAN,0.30893923488094116
693,sub-09,VAN,DAN,0.3205924466786479
694,sub-09,VAN,DMN,0.30179343550608206
695,sub-09,VAN,Motor,0.3122263514816856
696,sub-09,VAN,Aud.,0.3047270972941306
697,sub-09,VAN,Vis.,0.3119645049791283
698,sub-09,VAN,Subc.,0.3113534308894839
699,sub-09,VAN,Whole Brain,0.31115898858054725
700,sub-09,DAN,FPN,0.305796919163516
701,sub-09,DAN,CON,0.30220484629073435
702,sub-09,DAN,SAN,0.31468471923803726
703,sub-09,DAN,VAN,0.3205924466786479
704,sub-09,DAN,DMN,0.30669045575587633
705,sub-09,DAN,Motor,0.30700210288091845
706,sub-09,DAN,Aud.,0.3189882743243328
707,sub-09,DAN,Vis.,0.31072898753888295
708,sub-09,DAN,Subc.,0.319707761907551
709,sub-09,DAN,Whole Brain,0.31096510191943905
710,sub-09,DMN,FPN,0.2991543554738988
711,sub-09,DMN,CON,0.29444188471698435
712,sub-09,DMN,SAN,0.3079664866092543
713,sub-09,DMN,VAN,0.3017934355060821
714,sub-09,DMN,DAN,0.30669045575587633
715,sub-09,DMN,Motor,0.3045743818957483
716,sub-09,DMN,Aud.,0.3070410815426893
717,sub-09,DMN,Vis.,0.3024678484122419
718,sub-09,DMN,Subc.,0.3061182218047683
719,sub-09,DMN,Whole Brain,0.3026409703916062
720,sub-09,Motor,FPN,0.29889611683001455
721,sub-09,Motor,CON,0.29488604109276123
722,sub-09,Motor,SAN,0.30439833939446764
723,sub-09,Motor,VAN,0.3122263514816856
724,sub-09,Motor,DAN,0.30700210288091845
725,sub-09,Motor,DMN,0.3045743818957483
726,sub-09,Motor,Aud.,0.3040248405016183
727,sub-09,Motor,Vis.,0.2993083843077908
728,sub-09,Motor,Subc.,0.30768264708290777
729,sub-09,Motor,Whole Brain,0.3022470358936033
730,sub-09,Aud.,FPN,0.31340886450922734
731,sub-09,Aud.,CON,0.30163425209676925
732,sub-09,Aud.,SAN,0.319512217163463
733,sub-09,Aud.,VAN,0.30472709729413056
734,sub-09,Aud.,DAN,0.3189882743243328
735,sub-09,Aud.,DMN,0.30704108154268916
736,sub-09,Aud.,Motor,0.3040248405016183
737,sub-09,Aud.,Vis.,0.31088053344508193
738,sub-09,Aud.,Subc.,0.30977291681938063
739,sub-09,Aud.,Whole Brain,0.31041558863834245
740,sub-09,Vis.,FPN,0.3017524592967115
741,sub-09,Vis.,CON,0.29802858279689987
742,sub-09,Vis.,SAN,0.3140679535913619
743,sub-09,Vis.,VAN,0.3119645049791283
744,sub-09,Vis.,DAN,0.3107289875388829
745,sub-09,Vis.,DMN,0.3024678484122419
746,sub-09,Vis.,Motor,0.2993083843077908
747,sub-09,Vis.,Aud.,0.31088053344508193
748,sub-09,Vis.,Subc.,0.31116294615466095
749,sub-09,Vis.,Whole Brain,0.306730996115162
750,sub-09,Subc.,FPN,0.3061081088957982
751,sub-09,Subc.,CON,0.3069597835496968
752,sub-09,Subc.,SAN,0.31714096229386773
753,sub-09,Subc.,VAN,0.3113534308894839
754,sub-09,Subc.,DAN,0.31970776190755107
755,sub-09,Subc.,DMN,0.3061182218047683
756,sub-09,Subc.,Motor,0.3076826470829078
757,sub-09,Subc.,Aud.,0.3097729168193807
758,sub-09,Subc.,Vis.,0.31116294615466095
759,sub-09,Subc.,Whole Brain,0.31198350945576414
760,sub-09,Whole Brain,FPN,0.3033189578343099
761,sub-09,Whole Brain,CON,0.299881945612134
762,sub-09,Whole Brain,SAN,0.3127119620280723
763,sub-09,Whole Brain,VAN,0.3111589885805472
764,sub-09,Whole Brain,DAN,0.3109651019194391
765,sub-09,Whole Brain,DMN,0.3026409703916062
766,sub-09,Whole Brain,Motor,0.3022470358936033
767,sub-09,Whole Brain,Aud.,0.3104155886383424
768,sub-09,Whole Brain,Vis.,0.306730996115162
769,sub-09,Whole Brain,Subc.,0.31198350945576414
770,sub-10,FPN,CON,0.2916422698709583
771,sub-10,FPN,SAN,0.25349871619668496
772,sub-10,FPN,VAN,0.2938050995188363
773,sub-10,FPN,DAN,0.2771155488224865
774,sub-10,FPN,DMN,0.2796847195819374
775,sub-10,FPN,Motor,0.28546491271544006
776,sub-10,FPN,Aud.,0.2984245969301997
777,sub-10,FPN,Vis.,0.3026465430179428
778,sub-10,FPN,Subc.,0.28718504153371394
779,sub-10,FPN,Whole Brain,0.28391003861704506
780,sub-10,CON,FPN,0.29164226987095837
781,sub-10,CON,SAN,0.2650438984006983
782,sub-10,CON,VAN,0.2814956236977593
783,sub-10,CON,DAN,0.3102626792949272
784,sub-10,CON,DMN,0.31326073971161816
785,sub-10,CON,Motor,0.27383849191009263
786,sub-10,CON,Aud.,0.2653848050220734
787,sub-10,CON,Vis.,0.31765719353552635
788,sub-10,CON,Subc.,0.2852769682669128
789,sub-10,CON,Whole Brain,0.29848208569275414
790,sub-10,SAN,FPN,0.25349871619668496
791,sub-10,SAN,CON,0.26504389840069836
792,sub-10,SAN,VAN,0.28137432220775566
793,sub-10,SAN,DAN,0.3053190424831469
794,sub-10,SAN,DMN,0.28872879832570864
795,sub-10,SAN,Motor,0.29441160980636394
796,sub-10,SAN,Aud.,0.30065580919643525
797,sub-10,SAN,Vis.,0.3135394600669026
798,sub-10,SAN,Subc.,0.28904122934122556
799,sub-10,SAN,Whole Brain,0.29189828462728357
800,sub-10,VAN,FPN,0.29380509951883627
801,sub-10,VAN,CON,0.2814956236977593
802,sub-10,VAN,SAN,0.2813743222077556
803,sub-10,VAN,DAN,0.3464696831099729
804,sub-10,VAN,DMN,0.2893693486361837
805,sub-10,VAN,Motor,0.31119319343191754
806,sub-10,VAN,Aud.,0.2517448486658871
807,sub-10,VAN,Vis.,0.33224556188312065
808,sub-10,VAN,Subc.,0.29405329552230514
809,sub-10,VAN,Whole Brain,0.30235875989817745
810,sub-10,DAN,FPN,0.2771155488224865
811,sub-10,DAN,CON,0.3102626792949272
812,sub-10,DAN,SAN,0.30531904248314695
813,sub-10,DAN,VAN,0.3464696831099729
814,sub-10,DAN,DMN,0.3119864948690993
815,sub-10,DAN,Motor,0.27426130378353675
816,sub-10,DAN,Aud.,0.3070949349211909
817,sub-10,DAN,Vis.,0.29228732375360783
818,sub-10,DAN,Subc.,0.3019255576232669
819,sub-10,DAN,Whole Brain,0.29887142054905685
820,sub-10,DMN,FPN,0.2796847195819374
821,sub-10,DMN,CON,0.31326073971161816
822,sub-10,DMN,SAN,0.28872879832570864
823,sub-10,DMN,VAN,0.2893693486361837
824,sub-10,DMN,DAN,0.31198649486909924
825,sub-10,DMN,Motor,0.3080466619228836
826,sub-10,DMN,Aud.,0.3030164931109222
827,sub-10,DMN,Vis.,0.3069247583478448
828,sub-10,DMN,Subc.,0.29263755642807776
829,sub-10,DMN,Whole Brain,0.29690964347139603
830,sub-10,Motor,FPN,0.2854649127154401
831,sub-10,Motor,CON,0.27383849191009263
832,sub-10,Motor,SAN,0.29441160980636394
833,sub-10,Motor,VAN,0.3111931934319176
834,sub-10,Motor,DAN,0.27426130378353675
835,sub-10,Motor,DMN,0.3080466619228836
836,sub-10,Motor,Aud.,0.257333350149236
837,sub-10,Motor,Vis.,0.2992733121527021
838,sub-10,Motor,Subc.,0.28502541386397
839,sub-10,Motor,Whole Brain,0.29104165546076805
840,sub-10,Aud.,FPN,0.2984245969301996
841,sub-10,Aud.,CON,0.2653848050220734
842,sub-10,Aud.,SAN,0.30065580919643525
843,sub-10,Aud.,VAN,0.2517448486658871
844,sub-10,Aud.,DAN,0.3070949349211909
845,sub-10,Aud.,DMN,0.3030164931109222
846,sub-10,Aud.,Motor,0.257333350149236
847,sub-10,Aud.,Vis.,0.3070568760332646
848,sub-10,Aud.,Subc.,0.2782487009569368
849,sub-10,Aud.,Whole Brain,0.29036158599326056
850,sub-10,Vis.,FPN,0.3026465430179428
851,sub-10,Vis.,CON,0.31765719353552635
852,sub-10,Vis.,SAN,0.3135394600669026
853,sub-10,Vis.,VAN,0.3322455618831207
854,sub-10,Vis.,DAN,0.29228732375360783
855,sub-10,Vis.,DMN,0.3069247583478448
856,sub-10,Vis.,Motor,0.29927331215270214
857,sub-10,Vis.,Aud.,0.3070568760332646
858,sub-10,Vis.,Subc.,0.29758406654397157
859,sub-10,Vis.,Whole Brain,0.2963904054870057
860,sub-10,Subc.,FPN,0.28718504153371394
861,sub-10,Subc.,CON,0.2852769682669128
862,sub-10,Subc.,SAN,0.28904122934122556
863,sub-10,Subc.,VAN,0.2940532955223051
864,sub-10,Subc.,DAN,0.3019255576232669
865,sub-10,Subc.,DMN,0.2926375564280778
866,sub-10,Subc.,Motor,0.28502541386397007
867,sub-10,Subc.,Aud.,0.2782487009569368
868,sub-10,Subc.,Vis.,0.29758406654397157
869,sub-10,Subc.,Whole Brain,0.2920311633798487
870,sub-10,Whole Brain,FPN,0.28391003861704506
871,sub-10,Whole Brain,CON,0.29848208569275414
872,sub-10,Whole Brain,SAN,0.29189828462728357
873,sub-10,Whole Brain,VAN,0.30235875989817745
874,sub-10,Whole Brain,DAN,0.29887142054905685
875,sub-10,Whole Brain,DMN,0.29690964347139603
876,sub-10,Whole Brain,Motor,0.2910416554607681
877,sub-10,Whole Brain,Aud.,0.2903615859932605
878,sub-10,Whole Brain,Vis.,0.2963904054870057
879,sub-10,Whole Brain,Subc.,0.2920311633798487
880,sub-14,FPN,CON,0.2891940419508476
881,sub-14,FPN,SAN,0.2607880729095211
882,sub-14,FPN,VAN,0.29370084992956125
883,sub-14,FPN,DAN,0.29584950302437996
884,sub-14,FPN,DMN,0.29056498982472845
885,sub-14,FPN,Motor,0.2839350046170271
886,sub-14,FPN,Aud.,0.2912365779547799
887,sub-14,FPN,Vis.,0.296495013779306
888,sub-14,FPN,Subc.,0.30119947033073086
889,sub-14,FPN,Whole Brain,0.29299852151253125
890,sub-14,CON,FPN,0.2891940419508476
891,sub-14,CON,SAN,0.2797916567987546
892,sub-14,CON,VAN,0.29008809415062053
893,sub-14,CON,DAN,0.3205325761412117
894,sub-14,CON,DMN,0.31950429772004996
895,sub-14,CON,Motor,0.27766012393032374
896,sub-14,CON,Aud.,0.26086020762350204
897,sub-14,CON,Vis.,0.31605714700459897
898,sub-14,CON,Subc.,0.30737673560568507
899,sub-14,CON,Whole Brain,0.30751918266728634
900,sub-14,SAN,FPN,0.2607880729095211
901,sub-14,SAN,CON,0.2797916567987546
902,sub-14,SAN,VAN,0.29691641856099077
903,sub-14,SAN,DAN,0.3204580234013095
904,sub-14,SAN,DMN,0.3006087469967294
905,sub-14,SAN,Motor,0.2958407157587838
906,sub-14,SAN,Aud.,0.2958701321646888
907,sub-14,SAN,Vis.,0.31707473016006227
908,sub-14,SAN,Subc.,0.3039535047833501
909,sub-14,SAN,Whole Brain,0.30396809006597014
910,sub-14,VAN,FPN,0.2937008499295613
911,sub-14,VAN,CON,0.2900880941506205
912,sub-14,VAN,SAN,0.29691641856099077
913,sub-14,VAN,DAN,0.31471271208142054
914,sub-14,VAN,DMN,0.3002420405866009
915,sub-14,VAN,Motor,0.29467049132038514
916,sub-14,VAN,Aud.,0.2681510870805344
917,sub-14,VAN,Vis.,0.33091763756359116
918,sub-14,VAN,Subc.,0.31754424000937637
919,sub-14,VAN,Whole Brain,0.3078191353516781
920,sub-14,DAN,FPN,0.29584950302437996
921,sub-14,DAN,CON,0.32053257614121167
922,sub-14,DAN,SAN,0.3204580234013096
923,sub-14,DAN,VAN,0.31471271208142054
924,sub-14,DAN,DMN,0.3109852026691939
925,sub-14,DAN,Motor,0.2688092003366566
926,sub-14,DAN,Aud.,0.29099939897294524
927,sub-14,DAN,Vis.,0.2792382525987985
928,sub-14,DAN,Subc.,0.3279360880006759
929,sub-14,DAN,Whole Brain,0.30228617821363823
930,sub-14,DMN,FPN,0.2905649898247285
931,sub-14,DMN,CON,0.31950429772004996
932,sub-14,DMN,SAN,0.3006087469967294
933,sub-14,DMN,VAN,0.3002420405866009
934,sub-14,DMN,DAN,0.3109852026691939
935,sub-14,DMN,Motor,0.3016787936241102
936,sub-14,DMN,Aud.,0.2979932336635716
937,sub-14,DMN,Vis.,0.31152534114338365
938,sub-14,DMN,Subc.,0.31442971176700335
939,sub-14,DMN,Whole Brain,0.3069965468824915
940,sub-14,Motor,FPN,0.2839350046170271
941,sub-14,Motor,CON,0.27766012393032374
942,sub-14,Motor,SAN,0.2958407157587838
943,sub-14,Motor,VAN,0.2946704913203852
944,sub-14,Motor,DAN,0.2688092003366567
945,sub-14,Motor,DMN,0.3016787936241102
946,sub-14,Motor,Aud.,0.24956234468202573
947,sub-14,Motor,Vis.,0.27771196104361334
948,sub-14,Motor,Subc.,0.30098544856637544
949,sub-14,Motor,Whole Brain,0.2859230755916086
950,sub-14,Aud.,FPN,0.2912365779547799
951,sub-14,Aud.,CON,0.260860207623502
952,sub-14,Aud.,SAN,0.2958701321646888
953,sub-14,Aud.,VAN,0.2681510870805344
954,sub-14,Aud.,DAN,0.2909993989729453
955,sub-14,Aud.,DMN,0.2979932336635716
956,sub-14,Aud.,Motor,0.24956234468202568
957,sub-14,Aud.,Vis.,0.29513981860331423
958,sub-14,Aud.,Subc.,0.2994409045138965
959,sub-14,Aud.,Whole Brain,0.2883338172467903
960,sub-14,Vis.,FPN,0.296495013779306
961,sub-14,Vis.,CON,0.31605714700459897
962,sub-14,Vis.,SAN,0.3170747301600622
963,sub-14,Vis.,VAN,0.33091763756359116
964,sub-14,Vis.,DAN,0.2792382525987984
965,sub-14,Vis.,DMN,0.31152534114338365
966,sub-14,Vis.,Motor,0.27771196104361334
967,sub-14,Vis.,Aud.,0.29513981860331423
968,sub-14,Vis.,Subc.,0.3245845599560188
969,sub-14,Vis.,Whole Brain,0.29612124614743385
970,sub-14,Subc.,FPN,0.30119947033073086
971,sub-14,Subc.,CON,0.307376735605685
972,sub-14,Subc.,SAN,0.3039535047833501
973,sub-14,Subc.,VAN,0.31754424000937637
974,sub-14,Subc.,DAN,0.32793608800067586
975,sub-14,Subc.,DMN,0.31442971176700335
976,sub-14,Subc.,Motor,0.30098544856637544
977,sub-14,Subc.,Aud.,0.29944090451389643
978,sub-14,Subc.,Vis.,0.32458455995601876
979,sub-14,Subc.,Whole Brain,0.31741086097977944
980,sub-14,Whole Brain,FPN,0.29299852151253125
981,sub-14,Whole Brain,CON,0.30751918266728634
982,sub-14,Whole Brain,SAN,0.3039680900659702
983,sub-14,Whole Brain,VAN,0.3078191353516781
984,sub-14,Whole Brain,DAN,0.3022861782136383
985,sub-14,Whole Brain,DMN,0.30699654688249156
986,sub-14,Whole Brain,Motor,0.2859230755916086
987,sub-14,Whole Brain,Aud.,0.2883338172467903
988,sub-14,Whole Brain,Vis.,0.29612124614743374
989,sub-14,Whole Brain,Subc.,0.31741086097977944
990,sub-15,FPN,CON,0.2936775770407302
991,sub-15,FPN,SAN,0.2988981542469657
992,sub-15,FPN,VAN,0.3013576585569806
993,sub-15,FPN,DAN,0.3001594819721037
994,sub-15,FPN,DMN,0.29448909785840843
995,sub-15,FPN,Motor,0.2895400488570504
996,sub-15,FPN,Aud.,0.3130283040046606
997,sub-15,FPN,Vis.,0.2961495640868835
998,sub-15,FPN,Subc.,0.3022096326595239
999,sub-15,FPN,Whole Brain,0.29780205822121447
1000,sub-15,CON,FPN,0.2936775770407302
1001,sub-15,CON,SAN,0.2850419766564002
1002,sub-15,CON,VAN,0.2899557038716499
1003,sub-15,CON,DAN,0.2935957653567773
1004,sub-15,CON,DMN,0.2846030824821712
1005,sub-15,CON,Motor,0.28470734672795345
1006,sub-15,CON,Aud.,0.3021154946908279
1007,sub-15,CON,Vis.,0.2864359544417406
1008,sub-15,CON,Subc.,0.29482580464838254
1009,sub-15,CON,Whole Brain,0.2901794544410034
1010,sub-15,SAN,FPN,0.29889815424696564
1011,sub-15,SAN,CON,0.2850419766564002
1012,sub-15,SAN,VAN,0.2933543985227747
1013,sub-15,SAN,DAN,0.30137309517973865
1014,sub-15,SAN,DMN,0.29307717398520106
1015,sub-15,SAN,Motor,0.2942265335337543
1016,sub-15,SAN,Aud.,0.31224560545682195
1017,sub-15,SAN,Vis.,0.2971271250155214
1018,sub-15,SAN,Subc.,0.30020162672774625
1019,sub-15,SAN,Whole Brain,0.2978212868995098
1020,sub-15,VAN,FPN,0.3013576585569806
1021,sub-15,VAN,CON,0.2899557038716498
1022,sub-15,VAN,SAN,0.2933543985227747
1023,sub-15,VAN,DAN,0.3117115797362996
1024,sub-15,VAN,DMN,0.294326285410038
1025,sub-15,VAN,Motor,0.2946024335894376
1026,sub-15,VAN,Aud.,0.31422704761747156
1027,sub-15,VAN,Vis.,0.3023501656281714
1028,sub-15,VAN,Subc.,0.3064301901236074
1029,sub-15,VAN,Whole Brain,0.301609008585949
1030,sub-15,DAN,FPN,0.3001594819721037
1031,sub-15,DAN,CON,0.2935957653567772
1032,sub-15,DAN,SAN,0.3013730951797386
1033,sub-15,DAN,VAN,0.3117115797362996
1034,sub-15,DAN,DMN,0.2981539148393014
1035,sub-15,DAN,Motor,0.2925687498587208
1036,sub-15,DAN,Aud.,0.316345156465328
1037,sub-15,DAN,Vis.,0.29983986261079115
1038,sub-15,DAN,Subc.,0.308080986405997
1039,sub-15,DAN,Whole Brain,0.30146555630266386
1040,sub-15,DMN,FPN,0.29448909785840843
1041,sub-15,DMN,CON,0.2846030824821712
1042,sub-15,DMN,SAN,0.29307717398520106
1043,sub-15,DMN,VAN,0.294326285410038
1044,sub-15,DMN,DAN,0.2981539148393014
1045,sub-15,DMN,Motor,0.2891394664863967
1046,sub-15,DMN,Aud.,0.30684748930504663
1047,sub-15,DMN,Vis.,0.29305205962780273
1048,sub-15,DMN,Subc.,0.298793128414467
1049,sub-15,DMN,Whole Brain,0.2947113004625404
1050,sub-15,Motor,FPN,0.2895400488570504
1051,sub-15,Motor,CON,0.28470734672795345
1052,sub-15,Motor,SAN,0.2942265335337542
1053,sub-15,Motor,VAN,0.29460243358943755
1054,sub-15,Motor,DAN,0.29256874985872083
1055,sub-15,Motor,DMN,0.2891394664863967
1056,sub-15,Motor,Aud.,0.30389012984456454
1057,sub-15,Motor,Vis.,0.2844859263904452
1058,sub-15,Motor,Subc.,0.29673925377586957
1059,sub-15,Motor,Whole Brain,0.29056276416615323
1060,sub-15,Aud.,FPN,0.31302830400466064
1061,sub-15,Aud.,CON,0.3021154946908279
1062,sub-15,Aud.,SAN,0.31224560545682195
1063,sub-15,Aud.,VAN,0.31422704761747156
1064,sub-15,Aud.,DAN,0.316345156465328
1065,sub-15,Aud.,DMN,0.3068474893050467
1066,sub-15,Aud.,Motor,0.30389012984456454
1067,sub-15,Aud.,Vis.,0.30495607975393857
1068,sub-15,Aud.,Subc.,0.3121708960633722
1069,sub-15,Aud.,Whole Brain,0.3090596253114105
1070,sub-15,Vis.,FPN,0.2961495640868835
1071,sub-15,Vis.,CON,0.2864359544417406
1072,sub-15,Vis.,SAN,0.29712712501552135
1073,sub-15,Vis.,VAN,0.3023501656281714
1074,sub-15,Vis.,DAN,0.29983986261079115
1075,sub-15,Vis.,DMN,0.29305205962780273
1076,sub-15,Vis.,Motor,0.2844859263904452
1077,sub-15,Vis.,Aud.,0.30495607975393857
1078,sub-15,Vis.,Subc.,0.30198171668659657
1079,sub-15,Vis.,Whole Brain,0.2960966445608325
1080,sub-15,Subc.,FPN,0.30220963265952383
1081,sub-15,Subc.,CON,0.29482580464838254
1082,sub-15,Subc.,SAN,0.30020162672774625
1083,sub-15,Subc.,VAN,0.3064301901236074
1084,sub-15,Subc.,DAN,0.308080986405997
1085,sub-15,Subc.,DMN,0.298793128414467
1086,sub-15,Subc.,Motor,0.2967392537758695
1087,sub-15,Subc.,Aud.,0.3121708960633722
1088,sub-15,Subc.,Vis.,0.30198171668659657
1089,sub-15,Subc.,Whole Brain,0.30331307545183933
1090,sub-15,Whole Brain,FPN,0.2978020582212145
1091,sub-15,Whole Brain,CON,0.2901794544410034
1092,sub-15,Whole Brain,SAN,0.29782128689950976
1093,sub-15,Whole Brain,VAN,0.301609008585949
1094,sub-15,Whole Brain,DAN,0.30146555630266386
1095,sub-15,Whole Brain,DMN,0.2947113004625405
1096,sub-15,Whole Brain,Motor,0.2905627641661533
1097,sub-15,Whole Brain,Aud.,0.30905962531141046
1098,sub-15,Whole Brain,Vis.,0.29609664456083246
1099,sub-15,Whole Brain,Subc.,0.30331307545183933
1100,sub-16,FPN,CON,0.2812389356836717
1101,sub-16,FPN,SAN,0.24579046003779872
1102,sub-16,FPN,VAN,0.2766941742829465
1103,sub-16,FPN,DAN,0.26823338673951536
1104,sub-16,FPN,DMN,0.28536303837321114
1105,sub-16,FPN,Motor,0.2902017527585418
1106,sub-16,FPN,Aud.,0.28273126180616753
1107,sub-16,FPN,Vis.,0.29011430193475596
1108,sub-16,FPN,Subc.,0.27847499773759554
1109,sub-16,FPN,Whole Brain,0.28081218608360425
1110,sub-16,CON,FPN,0.2812389356836717
1111,sub-16,CON,SAN,0.2620209845075794
1112,sub-16,CON,VAN,0.27778136106972606
1113,sub-16,CON,DAN,0.2999269140507706
1114,sub-16,CON,DMN,0.3031745506347652
1115,sub-16,CON,Motor,0.2744766958291177
1116,sub-16,CON,Aud.,0.2501227018901939
1117,sub-16,CON,Vis.,0.3033548035140765
1118,sub-16,CON,Subc.,0.2770726018412722
1119,sub-16,CON,Whole Brain,0.2935896830398267
1120,sub-16,SAN,FPN,0.24579046003779875
1121,sub-16,SAN,CON,0.2620209845075794
1122,sub-16,SAN,VAN,0.268060983095025
1123,sub-16,SAN,DAN,0.2824742978647288
1124,sub-16,SAN,DMN,0.2820464809702764
1125,sub-16,SAN,Motor,0.2799706467758496
1126,sub-16,SAN,Aud.,0.2726143853171843
1127,sub-16,SAN,Vis.,0.2980774320083709
1128,sub-16,SAN,Subc.,0.272484853749097
1129,sub-16,SAN,Whole Brain,0.27943845346542373
1130,sub-16,VAN,FPN,0.2766941742829465
1131,sub-16,VAN,CON,0.277781361069726
1132,sub-16,VAN,SAN,0.2680609830950251
1133,sub-16,VAN,DAN,0.2999178271138111
1134,sub-16,VAN,DMN,0.2833403508025377
1135,sub-16,VAN,Motor,0.30686510008382645
1136,sub-16,VAN,Aud.,0.24716708841184912
1137,sub-16,VAN,Vis.,0.3086873212673239
1138,sub-16,VAN,Subc.,0.2860490212593072
1139,sub-16,VAN,Whole Brain,0.291286637820502
1140,sub-16,DAN,FPN,0.2682333867395154
1141,sub-16,DAN,CON,0.2999269140507706
1142,sub-16,DAN,SAN,0.28247429786472866
1143,sub-16,DAN,VAN,0.2999178271138111
1144,sub-16,DAN,DMN,0.29841905395708584
1145,sub-16,DAN,Motor,0.28794287446275746
1146,sub-16,DAN,Aud.,0.2866926814748171
1147,sub-16,DAN,Vis.,0.2637625927342392
1148,sub-16,DAN,Subc.,0.29019322402339626
1149,sub-16,DAN,Whole Brain,0.2854528962881261
1150,sub-16,DMN,FPN,0.28536303837321114
1151,sub-16,DMN,CON,0.3031745506347653
1152,sub-16,DMN,SAN,0.28204648097027646
1153,sub-16,DMN,VAN,0.2833403508025377
1154,sub-16,DMN,DAN,0.29841905395708584
1155,sub-16,DMN,Motor,0.305708160262734
1156,sub-16,DMN,Aud.,0.28582854636635147
1157,sub-16,DMN,Vis.,0.29756478751764737
1158,sub-16,DMN,Subc.,0.2904588261171212
1159,sub-16,DMN,Whole Brain,0.2960903137402189
1160,sub-16,Motor,FPN,0.29020175275854176
1161,sub-16,Motor,CON,0.27447669582911777
1162,sub-16,Motor,SAN,0.27997064677584965
1163,sub-16,Motor,VAN,0.30686510008382645
1164,sub-16,Motor,DAN,0.28794287446275746
1165,sub-16,Motor,DMN,0.305708160262734
1166,sub-16,Motor,Aud.,0.2423282983365837
1167,sub-16,Motor,Vis.,0.2955778118640986
1168,sub-16,Motor,Subc.,0.27944891140887596
1169,sub-16,Motor,Whole Brain,0.2896455945731762
1170,sub-16,Aud.,FPN,0.28273126180616753
1171,sub-16,Aud.,CON,0.250122701890194
1172,sub-16,Aud.,SAN,0.2726143853171843
1173,sub-16,Aud.,VAN,0.24716708841184912
1174,sub-16,Aud.,DAN,0.2866926814748171
1175,sub-16,Aud.,DMN,0.28582854636635147
1176,sub-16,Aud.,Motor,0.24232829833658373
1177,sub-16,Aud.,Vis.,0.2880918677631526
1178,sub-16,Aud.,Subc.,0.26043630590920036
1179,sub-16,Aud.,Whole Brain,0.27576094702595705
1180,sub-16,Vis.,FPN,0.29011430193475596
1181,sub-16,Vis.,CON,0.30335480351407645
1182,sub-16,Vis.,SAN,0.29807743200837084
1183,sub-16,Vis.,VAN,0.3086873212673239
1184,sub-16,Vis.,DAN,0.2637625927342392
1185,sub-16,Vis.,DMN,0.29756478751764737
1186,sub-16,Vis.,Motor,0.2955778118640986
1187,sub-16,Vis.,Aud.,0.2880918677631526
1188,sub-16,Vis.,Subc.,0.2856821469681872
1189,sub-16,Vis.,Whole Brain,0.28491123680544345
1190,sub-16,Subc.,FPN,0.27847499773759554
1191,sub-16,Subc.,CON,0.27707260184127214
1192,sub-16,Subc.,SAN,0.2724848537490969
1193,sub-16,Subc.,VAN,0.2860490212593072
1194,sub-16,Subc.,DAN,0.29019322402339626
1195,sub-16,Subc.,DMN,0.2904588261171212
1196,sub-16,Subc.,Motor,0.27944891140887596
1197,sub-16,Subc.,Aud.,0.26043630590920036
1198,sub-16,Subc.,Vis.,0.2856821469681872
1199,sub-16,Subc.,Whole Brain,0.28701246388470975
1200,sub-16,Whole Brain,FPN,0.28081218608360425
1201,sub-16,Whole Brain,CON,0.2935896830398267
1202,sub-16,Whole Brain,SAN,0.27943845346542373
1203,sub-16,Whole Brain,VAN,0.291286637820502
1204,sub-16,Whole Brain,DAN,0.2854528962881261
1205,sub-16,Whole Brain,DMN,0.2960903137402189
1206,sub-16,Whole Brain,Motor,0.2896455945731761
1207,sub-16,Whole Brain,Aud.,0.27576094702595705
1208,sub-16,Whole Brain,Vis.,0.2849112368054435
1209,sub-16,Whole Brain,Subc.,0.28701246388470975
1210,sub-17,FPN,CON,0.30702114041044776
1211,sub-17,FPN,SAN,0.2909810842077111
1212,sub-17,FPN,VAN,0.3075484484428901
1213,sub-17,FPN,DAN,0.3089037628158034
1214,sub-17,FPN,DMN,0.30726957987429704
1215,sub-17,FPN,Motor,0.3146626371580866
1216,sub-17,FPN,Aud.,0.3097284800843161
1217,sub-17,FPN,Vis.,0.32039466544778283
1218,sub-17,FPN,Subc.,0.30138078130301216
1219,sub-17,FPN,Whole Brain,0.30836157743404674
1220,sub-17,CON,FPN,0.3070211404104477
1221,sub-17,CON,SAN,0.30365302054302995
1222,sub-17,CON,VAN,0.3042951718342594
1223,sub-17,CON,DAN,0.3210472760837273
1224,sub-17,CON,DMN,0.317504693193405
1225,sub-17,CON,Motor,0.30336167113314255
1226,sub-17,CON,Aud.,0.2791301272328861
1227,sub-17,CON,Vis.,0.3303240214201
1228,sub-17,CON,Subc.,0.2824192374909451
1229,sub-17,CON,Whole Brain,0.3145472557289564
1230,sub-17,SAN,FPN,0.2909810842077111
1231,sub-17,SAN,CON,0.30365302054302995
1232,sub-17,SAN,VAN,0.314137857545682
1233,sub-17,SAN,DAN,0.3380149908052941
1234,sub-17,SAN,DMN,0.31791585559190105
1235,sub-17,SAN,Motor,0.3222931919791112
1236,sub-17,SAN,Aud.,0.3112568431792119
1237,sub-17,SAN,Vis.,0.3403923217972512
1238,sub-17,SAN,Subc.,0.30349554800855755
1239,sub-17,SAN,Whole Brain,0.31995152655848663
1240,sub-17,VAN,FPN,0.3075484484428901
1241,sub-17,VAN,CON,0.3042951718342594
1242,sub-17,VAN,SAN,0.31413785754568196
1243,sub-17,VAN,DAN,0.34176365683363197
1244,sub-17,VAN,DMN,0.3005806913002331
1245,sub-17,VAN,Motor,0.3280487485885541
1246,sub-17,VAN,Aud.,0.27892979624011527
1247,sub-17,VAN,Vis.,0.3486908270187564
1248,sub-17,VAN,Subc.,0.3096306617421185
1249,sub-17,VAN,Whole Brain,0.31789352535667414
1250,sub-17,DAN,FPN,0.3089037628158034
1251,sub-17,DAN,CON,0.3210472760837273
1252,sub-17,DAN,SAN,0.3380149908052941
1253,sub-17,DAN,VAN,0.34176365683363197
1254,sub-17,DAN,DMN,0.3281587796216732
1255,sub-17,DAN,Motor,0.30581225626601644
1256,sub-17,DAN,Aud.,0.30632343960972497
1257,sub-17,DAN,Vis.,0.29404851973839696
1258,sub-17,DAN,Subc.,0.3236236992302358
1259,sub-17,DAN,Whole Brain,0.3174343342800336
1260,sub-17,DMN,FPN,0.30726957987429704
1261,sub-17,DMN,CON,0.31750469319340496
1262,sub-17,DMN,SAN,0.317915855591901
1263,sub-17,DMN,VAN,0.3005806913002331
1264,sub-17,DMN,DAN,0.3281587796216732
1265,sub-17,DMN,Motor,0.33298073038214876
1266,sub-17,DMN,Aud.,0.3119589626281658
1267,sub-17,DMN,Vis.,0.322825892257829
1268,sub-17,DMN,Subc.,0.30886126697225924
1269,sub-17,DMN,Whole Brain,0.318650050919639
1270,sub-17,Motor,FPN,0.3146626371580866
1271,sub-17,Motor,CON,0.30336167113314255
1272,sub-17,Motor,SAN,0.32229319197911116
1273,sub-17,Motor,VAN,0.3280487485885541
1274,sub-17,Motor,DAN,0.30581225626601644
1275,sub-17,Motor,DMN,0.3329807303821487
1276,sub-17,Motor,Aud.,0.2804399386271352
1277,sub-17,Motor,Vis.,0.3136869764696171
1278,sub-17,Motor,Subc.,0.3141429444290442
1279,sub-17,Motor,Whole Brain,0.31605898614216105
1280,sub-17,Aud.,FPN,0.3097284800843161
1281,sub-17,Aud.,CON,0.2791301272328861
1282,sub-17,Aud.,SAN,0.3112568431792119
1283,sub-17,Aud.,VAN,0.27892979624011527
1284,sub-17,Aud.,DAN,0.30632343960972497
1285,sub-17,Aud.,DMN,0.3119589626281658
1286,sub-17,Aud.,Motor,0.2804399386271352
1287,sub-17,Aud.,Vis.,0.3031158493252176
1288,sub-17,Aud.,Subc.,0.29651486756477624
1289,sub-17,Aud.,Whole Brain,0.3018350405277909
1290,sub-17,Vis.,FPN,0.32039466544778283
1291,sub-17,Vis.,CON,0.33032402142010003
1292,sub-17,Vis.,SAN,0.3403923217972512
1293,sub-17,Vis.,VAN,0.3486908270187565
1294,sub-17,Vis.,DAN,0.2940485197383969
1295,sub-17,Vis.,DMN,0.32282589225782893
1296,sub-17,Vis.,Motor,0.31368697646961713
1297,sub-17,Vis.,Aud.,0.3031158493252176
1298,sub-17,Vis.,Subc.,0.32678361076045487
1299,sub-17,Vis.,Whole Brain,0.30844741645949814
1300,sub-17,Subc.,FPN,0.3013807813030121
1301,sub-17,Subc.,CON,0.28241923749094516
1302,sub-17,Subc.,SAN,0.30349554800855755
1303,sub-17,Subc.,VAN,0.3096306617421185
1304,sub-17,Subc.,DAN,0.32362369923023576
1305,sub-17,Subc.,DMN,0.30886126697225924
1306,sub-17,Subc.,Motor,0.3141429444290443
1307,sub-17,Subc.,Aud.,0.29651486756477624
1308,sub-17,Subc.,Vis.,0.3267836107604548
1309,sub-17,Subc.,Whole Brain,0.3123420809136492
1310,sub-17,Whole Brain,FPN,0.3083615774340467
1311,sub-17,Whole Brain,CON,0.3145472557289565
1312,sub-17,Whole Brain,SAN,0.31995152655848663
1313,sub-17,Whole Brain,VAN,0.3178935253566742
1314,sub-17,Whole Brain,DAN,0.3174343342800336
1315,sub-17,Whole Brain,DMN,0.318650050919639
1316,sub-17,Whole Brain,Motor,0.3160589861421611
1317,sub-17,Whole Brain,Aud.,0.301835040527791
1318,sub-17,Whole Brain,Vis.,0.30844741645949814
1319,sub-17,Whole Brain,Subc.,0.3123420809136492
1320,sub-18,FPN,CON,0.2835871637014161
1321,sub-18,FPN,SAN,0.2525374569207834
1322,sub-18,FPN,VAN,0.2893598449282128
1323,sub-18,FPN,DAN,0.2676124726490644
1324,sub-18,FPN,DMN,0.2767191171036316
1325,sub-18,FPN,Motor,0.274663345838067
1326,sub-18,FPN,Aud.,0.2883037954924584
1327,sub-18,FPN,Vis.,0.29349925590226306
1328,sub-18,FPN,Subc.,0.2894096862228618
1329,sub-18,FPN,Whole Brain,0.2777739753378387
1330,sub-18,CON,FPN,0.2835871637014161
1331,sub-18,CON,SAN,0.28602103844527693
1332,sub-18,CON,VAN,0.2861884315337725
1333,sub-18,CON,DAN,0.3022998267703416
1334,sub-18,CON,DMN,0.3122973225590172
1335,sub-18,CON,Motor,0.2710792940143146
1336,sub-18,CON,Aud.,0.26329459653084925
1337,sub-18,CON,Vis.,0.31544990657992905
1338,sub-18,CON,Subc.,0.30464209745963644
1339,sub-18,CON,Whole Brain,0.30223013509744046
1340,sub-18,SAN,FPN,0.2525374569207834
1341,sub-18,SAN,CON,0.286021038445277
1342,sub-18,SAN,VAN,0.2854249071976774
1343,sub-18,SAN,DAN,0.29880852458020746
1344,sub-18,SAN,DMN,0.2860783055581888
1345,sub-18,SAN,Motor,0.2932306390970387
1346,sub-18,SAN,Aud.,0.30074012442279113
1347,sub-18,SAN,Vis.,0.3211891477451703
1348,sub-18,SAN,Subc.,0.305943986463802
1349,sub-18,SAN,Whole Brain,0.296146567518264
1350,sub-18,VAN,FPN,0.2893598449282128
1351,sub-18,VAN,CON,0.2861884315337724
1352,sub-18,VAN,SAN,0.2854249071976774
1353,sub-18,VAN,DAN,0.31193048820652397
1354,sub-18,VAN,DMN,0.29720583454370025
1355,sub-18,VAN,Motor,0.28790429528934564
1356,sub-18,VAN,Aud.,0.2564607941757223
1357,sub-18,VAN,Vis.,0.3385782684845276
1358,sub-18,VAN,Subc.,0.3198312352283662
1359,sub-18,VAN,Whole Brain,0.3031145460141342
1360,sub-18,DAN,FPN,0.2676124726490644
1361,sub-18,DAN,CON,0.3022998267703416
1362,sub-18,DAN,SAN,0.29880852458020746
1363,sub-18,DAN,VAN,0.31193048820652397
1364,sub-18,DAN,DMN,0.30178602056343784
1365,sub-18,DAN,Motor,0.2652643884016984
1366,sub-18,DAN,Aud.,0.29388534903029256
1367,sub-18,DAN,Vis.,0.26998312721607365
1368,sub-18,DAN,Subc.,0.31673882711814705
1369,sub-18,DAN,Whole Brain,0.28942917775258054
1370,sub-18,DMN,FPN,0.2767191171036316
1371,sub-18,DMN,CON,0.3122973225590172
1372,sub-18,DMN,SAN,0.28607830555818886
1373,sub-18,DMN,VAN,0.2972058345437002
1374,sub-18,DMN,DAN,0.30178602056343784
1375,sub-18,DMN,Motor,0.2987727028669512
1376,sub-18,DMN,Aud.,0.2984625398277686
1377,sub-18,DMN,Vis.,0.30874844062885165
1378,sub-18,DMN,Subc.,0.30447724564160344
1379,sub-18,DMN,Whole Brain,0.2980441025182144
1380,sub-18,Motor,FPN,0.27466334583806706
1381,sub-18,Motor,CON,0.2710792940143146
1382,sub-18,Motor,SAN,0.29323063909703867
1383,sub-18,Motor,VAN,0.28790429528934564
1384,sub-18,Motor,DAN,0.2652643884016984
1385,sub-18,Motor,DMN,0.29877270286695123
1386,sub-18,Motor,Aud.,0.2496514121154866
1387,sub-18,Motor,Vis.,0.28347538289221796
1388,sub-18,Motor,Subc.,0.2960424028984122
1389,sub-18,Motor,Whole Brain,0.28375312341944653
1390,sub-18,Aud.,FPN,0.28830379549245844
1391,sub-18,Aud.,CON,0.26329459653084925
1392,sub-18,Aud.,SAN,0.30074012442279113
1393,sub-18,Aud.,VAN,0.2564607941757223
1394,sub-18,Aud.,DAN,0.2938853490302925
1395,sub-18,Aud.,DMN,0.2984625398277686
1396,sub-18,Aud.,Motor,0.2496514121154866
1397,sub-18,Aud.,Vis.,0.2998748113830194
1398,sub-18,Aud.,Subc.,0.28691914165799837
1399,sub-18,Aud.,Whole Brain,0.2873198249883768
1400,sub-18,Vis.,FPN,0.29349925590226306
1401,sub-18,Vis.,CON,0.31544990657992905
1402,sub-18,Vis.,SAN,0.3211891477451703
1403,sub-18,Vis.,VAN,0.3385782684845276
1404,sub-18,Vis.,DAN,0.2699831272160736
1405,sub-18,Vis.,DMN,0.30874844062885165
1406,sub-18,Vis.,Motor,0.28347538289221796
1407,sub-18,Vis.,Aud.,0.2998748113830194
1408,sub-18,Vis.,Subc.,0.30751194449564206
1409,sub-18,Vis.,Whole Brain,0.29057114745415297
1410,sub-18,Subc.,FPN,0.2894096862228618
1411,sub-18,Subc.,CON,0.30464209745963644
1412,sub-18,Subc.,SAN,0.30594398646380194
1413,sub-18,Subc.,VAN,0.3198312352283662
1414,sub-18,Subc.,DAN,0.31673882711814705
1415,sub-18,Subc.,DMN,0.30447724564160344
1416,sub-18,Subc.,Motor,0.2960424028984122
1417,sub-18,Subc.,Aud.,0.28691914165799837
1418,sub-18,Subc.,Vis.,0.307511944495642
1419,sub-18,Subc.,Whole Brain,0.30579139264369093
1420,sub-18,Whole Brain,FPN,0.2777739753378387
1421,sub-18,Whole Brain,CON,0.30223013509744046
1422,sub-18,Whole Brain,SAN,0.296146567518264
1423,sub-18,Whole Brain,VAN,0.3031145460141342
1424,sub-18,Whole Brain,DAN,0.28942917775258054
1425,sub-18,Whole Brain,DMN,0.2980441025182144
1426,sub-18,Whole Brain,Motor,0.2837531234194465
1427,sub-18,Whole Brain,Aud.,0.2873198249883768
1428,sub-18,Whole Brain,Vis.,0.29057114745415297
1429,sub-18,Whole Brain,Subc.,0.30579139264369093
1430,sub-19,FPN,CON,0.2861506826174547
1431,sub-19,FPN,SAN,0.25746000158715276
1432,sub-19,FPN,VAN,0.31121468657469653
1433,sub-19,FPN,DAN,0.2824153483499336
1434,sub-19,FPN,DMN,0.28967725801814237
1435,sub-19,FPN,Motor,0.2952271449544677
1436,sub-19,FPN,Aud.,0.3019289043526908
1437,sub-19,FPN,Vis.,0.3100571191421092
1438,sub-19,FPN,Subc.,0.2974027480177887
1439,sub-19,FPN,Whole Brain,0.29120754378148583
1440,sub-19,CON,FPN,0.2861506826174547
1441,sub-19,CON,SAN,0.278711504842523
1442,sub-19,CON,VAN,0.3095928656267595
1443,sub-19,CON,DAN,0.3131630628734168
1444,sub-19,CON,DMN,0.31287636461077495
1445,sub-19,CON,Motor,0.2765552834595379
1446,sub-19,CON,Aud.,0.2642893560042305
1447,sub-19,CON,Vis.,0.309876855024108
1448,sub-19,CON,Subc.,0.2934769492734563
1449,sub-19,CON,Whole Brain,0.3006445029811496
1450,sub-19,SAN,FPN,0.25746000158715276
1451,sub-19,SAN,CON,0.278711504842523
1452,sub-19,SAN,VAN,0.3238592512531104
1453,sub-19,SAN,DAN,0.30614826808402074
1454,sub-19,SAN,DMN,0.29451376440450483
1455,sub-19,SAN,Motor,0.2912243388210185
1456,sub-19,SAN,Aud.,0.29959779372592094
1457,sub-19,SAN,Vis.,0.3224037916613256
1458,sub-19,SAN,Subc.,0.30010133999659894
1459,sub-19,SAN,Whole Brain,0.29796944910094364
1460,sub-19,VAN,FPN,0.31121468657469653
1461,sub-19,VAN,CON,0.3095928656267595
1462,sub-19,VAN,SAN,0.32385925125311044
1463,sub-19,VAN,DAN,0.3065867266141768
1464,sub-19,VAN,DMN,0.295104372972331
1465,sub-19,VAN,Motor,0.2973311435503393
1466,sub-19,VAN,Aud.,0.24510531575194655
1467,sub-19,VAN,Vis.,0.33921943275735583
1468,sub-19,VAN,Subc.,0.30806867182809244
1469,sub-19,VAN,Whole Brain,0.30917166371165056
1470,sub-19,DAN,FPN,0.2824153483499336
1471,sub-19,DAN,CON,0.3131630628734168
1472,sub-19,DAN,SAN,0.30614826808402074
1473,sub-19,DAN,VAN,0.3065867266141768
1474,sub-19,DAN,DMN,0.30043999504184254
1475,sub-19,DAN,Motor,0.2900902592164092
1476,sub-19,DAN,Aud.,0.2862753758419823
1477,sub-19,DAN,Vis.,0.28745741127115315
1478,sub-19,DAN,Subc.,0.3119184231914455
1479,sub-19,DAN,Whole Brain,0.2991282662268805
1480,sub-19,DMN,FPN,0.2896772580181423
1481,sub-19,DMN,CON,0.31287636461077495
1482,sub-19,DMN,SAN,0.29451376440450483
1483,sub-19,DMN,VAN,0.295104372972331
1484,sub-19,DMN,DAN,0.30043999504184254
1485,sub-19,DMN,Motor,0.30016853804128246
1486,sub-19,DMN,Aud.,0.2895269332452759
1487,sub-19,DMN,Vis.,0.3044647759164507
1488,sub-19,DMN,Subc.,0.2980017184670156
1489,sub-19,DMN,Whole Brain,0.29958015560626294
1490,sub-19,Motor,FPN,0.2952271449544677
1491,sub-19,Motor,CON,0.2765552834595379
1492,sub-19,Motor,SAN,0.2912243388210185
1493,sub-19,Motor,VAN,0.29733114355033924
1494,sub-19,Motor,DAN,0.2900902592164092
1495,sub-19,Motor,DMN,0.3001685380412824
1496,sub-19,Motor,Aud.,0.24331329299432894
1497,sub-19,Motor,Vis.,0.28522063550123916
1498,sub-19,Motor,Subc.,0.293547037712998
1499,sub-19,Motor,Whole Brain,0.28898999998114044
1500,sub-19,Aud.,FPN,0.3019289043526909
1501,sub-19,Aud.,CON,0.26428935600423054
1502,sub-19,Aud.,SAN,0.29959779372592094
1503,sub-19,Aud.,VAN,0.24510531575194647
1504,sub-19,Aud.,DAN,0.2862753758419823
1505,sub-19,Aud.,DMN,0.2895269332452759
1506,sub-19,Aud.,Motor,0.243313292994329
1507,sub-19,Aud.,Vis.,0.2919628846803528
1508,sub-19,Aud.,Subc.,0.2821228497180786
1509,sub-19,Aud.,Whole Brain,0.28271261843493767
1510,sub-19,Vis.,FPN,0.31005711914210926
1511,sub-19,Vis.,CON,0.309876855024108
1512,sub-19,Vis.,SAN,0.3224037916613256
1513,sub-19,Vis.,VAN,0.33921943275735583
1514,sub-19,Vis.,DAN,0.28745741127115315
1515,sub-19,Vis.,DMN,0.3044647759164507
1516,sub-19,Vis.,Motor,0.28522063550123916
1517,sub-19,Vis.,Aud.,0.29196288468035286
1518,sub-19,Vis.,Subc.,0.30033342347797687
1519,sub-19,Vis.,Whole Brain,0.293183928155539
1520,sub-19,Subc.,FPN,0.2974027480177887
1521,sub-19,Subc.,CON,0.2934769492734563
1522,sub-19,Subc.,SAN,0.3001013399965989
1523,sub-19,Subc.,VAN,0.3080686718280924
1524,sub-19,Subc.,DAN,0.31191842319144564
1525,sub-19,Subc.,DMN,0.2980017184670157
1526,sub-19,Subc.,Motor,0.293547037712998
1527,sub-19,Subc.,Aud.,0.28212284971807866
1528,sub-19,Subc.,Vis.,0.30033342347797687
1529,sub-19,Subc.,Whole Brain,0.30136933932062837
1530,sub-19,Whole Brain,FPN,0.2912075437814858
1531,sub-19,Whole Brain,CON,0.3006445029811496
1532,sub-19,Whole Brain,SAN,0.29796944910094364
1533,sub-19,Whole Brain,VAN,0.30917166371165056
1534,sub-19,Whole Brain,DAN,0.2991282662268805
1535,sub-19,Whole Brain,DMN,0.29958015560626294
1536,sub-19,Whole Brain,Motor,0.2889899999811404
1537,sub-19,Whole Brain,Aud.,0.2827126184349377
1538,sub-19,Whole Brain,Vis.,0.293183928155539
1539,sub-19,Whole Brain,Subc.,0.3013693393206284
1540,sub-20,FPN,CON,0.3040110067611012
1541,sub-20,FPN,SAN,0.2546604255546463
1542,sub-20,FPN,VAN,0.3174041284209486
1543,sub-20,FPN,DAN,0.29766135036420793
1544,sub-20,FPN,DMN,0.2949743081512562
1545,sub-20,FPN,Motor,0.29333276063417274
1546,sub-20,FPN,Aud.,0.30789242420741797
1547,sub-20,FPN,Vis.,0.3172105188246722
1548,sub-20,FPN,Subc.,0.3053051811449579
1549,sub-20,FPN,Whole Brain,0.2962346159970573
1550,sub-20,CON,FPN,0.30401100676110115
1551,sub-20,CON,SAN,0.3019877203169243
1552,sub-20,CON,VAN,0.3007632593137464
1553,sub-20,CON,DAN,0.31224367900861183
1554,sub-20,CON,DMN,0.322657285379758
1555,sub-20,CON,Motor,0.2774588106396138
1556,sub-20,CON,Aud.,0.25198679534949453
1557,sub-20,CON,Vis.,0.31314241575210416
1558,sub-20,CON,Subc.,0.2938468314562059
1559,sub-20,CON,Whole Brain,0.3088163501742032
1560,sub-20,SAN,FPN,0.2546604255546463
1561,sub-20,SAN,CON,0.3019877203169243
1562,sub-20,SAN,VAN,0.30833918600168186
1563,sub-20,SAN,DAN,0.3117159685153732
1564,sub-20,SAN,DMN,0.29725256520244697
1565,sub-20,SAN,Motor,0.298069731645885
1566,sub-20,SAN,Aud.,0.30187318246482114
1567,sub-20,SAN,Vis.,0.33165681934793023
1568,sub-20,SAN,Subc.,0.31389441062942514
1569,sub-20,SAN,Whole Brain,0.30391439522359315
1570,sub-20,VAN,FPN,0.3174041284209486
1571,sub-20,VAN,CON,0.3007632593137465
1572,sub-20,VAN,SAN,0.3083391860016818
1573,sub-20,VAN,DAN,0.30278962580953006
1574,sub-20,VAN,DMN,0.3093810956859953
1575,sub-20,VAN,Motor,0.2956284683913412
1576,sub-20,VAN,Aud.,0.26313902978317133
1577,sub-20,VAN,Vis.,0.3254200930874201
1578,sub-20,VAN,Subc.,0.3159097564779056
1579,sub-20,VAN,Whole Brain,0.3110582556629318
1580,sub-20,DAN,FPN,0.29766135036420793
1581,sub-20,DAN,CON,0.31224367900861183
1582,sub-20,DAN,SAN,0.31171596851537325
1583,sub-20,DAN,VAN,0.30278962580953006
1584,sub-20,DAN,DMN,0.31150587422267223
1585,sub-20,DAN,Motor,0.2830383568033419
1586,sub-20,DAN,Aud.,0.283905784360284
1587,sub-20,DAN,Vis.,0.27544652254813684
1588,sub-20,DAN,Subc.,0.3123778654962737
1589,sub-20,DAN,Whole Brain,0.3008008478943951
1590,sub-20,DMN,FPN,0.2949743081512562
1591,sub-20,DMN,CON,0.322657285379758
1592,sub-20,DMN,SAN,0.2972525652024469
1593,sub-20,DMN,VAN,0.3093810956859953
1594,sub-20,DMN,DAN,0.31150587422267223
1595,sub-20,DMN,Motor,0.31494122359021065
1596,sub-20,DMN,Aud.,0.30796634816645324
1597,sub-20,DMN,Vis.,0.3110132222433515
1598,sub-20,DMN,Subc.,0.3064123331667682
1599,sub-20,DMN,Whole Brain,0.30893810017456497
1600,sub-20,Motor,FPN,0.29333276063417274
1601,sub-20,Motor,CON,0.2774588106396138
1602,sub-20,Motor,SAN,0.298069731645885
1603,sub-20,Motor,VAN,0.29562846839134116
1604,sub-20,Motor,DAN,0.2830383568033419
1605,sub-20,Motor,DMN,0.31494122359021065
1606,sub-20,Motor,Aud.,0.24850763748182672
1607,sub-20,Motor,Vis.,0.2930512593841493
1608,sub-20,Motor,Subc.,0.300764243179452
1609,sub-20,Motor,Whole Brain,0.29673991947840006
1610,sub-20,Aud.,FPN,0.3078924242074179
1611,sub-20,Aud.,CON,0.25198679534949453
1612,sub-20,Aud.,SAN,0.30187318246482114
1613,sub-20,Aud.,VAN,0.2631390297831714
1614,sub-20,Aud.,DAN,0.2839057843602839
1615,sub-20,Aud.,DMN,0.30796634816645324
1616,sub-20,Aud.,Motor,0.24850763748182672
1617,sub-20,Aud.,Vis.,0.28713689379858837
1618,sub-20,Aud.,Subc.,0.27789404632263637
1619,sub-20,Aud.,Whole Brain,0.28801461792004773
1620,sub-20,Vis.,FPN,0.3172105188246722
1621,sub-20,Vis.,CON,0.31314241575210416
1622,sub-20,Vis.,SAN,0.33165681934793023
1623,sub-20,Vis.,VAN,0.3254200930874201
1624,sub-20,Vis.,DAN,0.27544652254813684
1625,sub-20,Vis.,DMN,0.3110132222433515
1626,sub-20,Vis.,Motor,0.2930512593841492
1627,sub-20,Vis.,Aud.,0.28713689379858837
1628,sub-20,Vis.,Subc.,0.2971760670001118
1629,sub-20,Vis.,Whole Brain,0.29417314862565397
1630,sub-20,Subc.,FPN,0.30530518114495797
1631,sub-20,Subc.,CON,0.29384683145620594
1632,sub-20,Subc.,SAN,0.31389441062942514
1633,sub-20,Subc.,VAN,0.3159097564779056
1634,sub-20,Subc.,DAN,0.3123778654962737
1635,sub-20,Subc.,DMN,0.30641233316676825
1636,sub-20,Subc.,Motor,0.300764243179452
1637,sub-20,Subc.,Aud.,0.27789404632263637
1638,sub-20,Subc.,Vis.,0.29717606700011184
1639,sub-20,Subc.,Whole Brain,0.306204138282868
1640,sub-20,Whole Brain,FPN,0.2962346159970573
1641,sub-20,Whole Brain,CON,0.3088163501742033
1642,sub-20,Whole Brain,SAN,0.3039143952235932
1643,sub-20,Whole Brain,VAN,0.3110582556629318
1644,sub-20,Whole Brain,DAN,0.3008008478943951
1645,sub-20,Whole Brain,DMN,0.30893810017456497
1646,sub-20,Whole Brain,Motor,0.29673991947840006
1647,sub-20,Whole Brain,Aud.,0.28801461792004773
1648,sub-20,Whole Brain,Vis.,0.29417314862565397
1649,sub-20,Whole Brain,Subc.,0.306204138282868
