,subject,net1,net2,MeanGVC
0,sub-01,FPN,FPN,0.22765196779975735
1,sub-01,FPN,CON,0.24121111171850773
2,sub-01,FPN,SAN,0.24116823806265247
3,sub-01,FPN,VAN,0.2407467509295291
4,sub-01,FPN,DAN,0.2433099317402114
5,sub-01,FPN,DMN,0.24225381111022748
6,sub-01,FPN,Motor,0.2434115250601572
7,sub-01,FPN,Aud.,0.24283383951235538
8,sub-01,FPN,Vis.,0.23630117170539497
9,sub-01,FPN,Subc.,0.24271787560270963
10,sub-01,FPN,Whole Brain,0.2400658361347108
11,sub-01,CON,FPN,0.25084680923265196
12,sub-01,CON,CON,0.23302283388015146
13,sub-01,CON,SAN,0.2574597080308088
14,sub-01,CON,VAN,0.25046216330051496
15,sub-01,CON,DAN,0.25348862086035545
16,sub-01,CON,DMN,0.25918402761843273
17,sub-01,CON,Motor,0.2539637975073232
18,sub-01,CON,Aud.,0.26097273681832617
19,sub-01,CON,Vis.,0.2560563991835292
20,sub-01,CON,Subc.,0.25448619958261726
21,sub-01,CON,Whole Brain,0.25521205464740737
22,sub-01,SAN,FPN,0.2519656279754591
23,sub-01,SAN,CON,0.25857803729475165
24,sub-01,SAN,SAN,0.24537621293720782
25,sub-01,SAN,VAN,0.25917249440943957
26,sub-01,SAN,DAN,0.2547776526744512
27,sub-01,SAN,DMN,0.25989487670116995
28,sub-01,SAN,Motor,0.25568716099933675
29,sub-01,SAN,Aud.,0.2590739899306413
30,sub-01,SAN,Vis.,0.2583174376430363
31,sub-01,SAN,Subc.,0.2603798957753671
32,sub-01,SAN,Whole Brain,0.2570889834537779
33,sub-01,VAN,FPN,0.26010835712531455
34,sub-01,VAN,CON,0.2587351408493885
35,sub-01,VAN,SAN,0.26525411388086007
36,sub-01,VAN,VAN,0.2138128904880058
37,sub-01,VAN,DAN,0.2599317207477844
38,sub-01,VAN,DMN,0.26317127557349196
39,sub-01,VAN,Motor,0.25829208990946834
40,sub-01,VAN,Aud.,0.25978049238610235
41,sub-01,VAN,Vis.,0.25831564621943165
42,sub-01,VAN,Subc.,0.25997952241886896
43,sub-01,VAN,Whole Brain,0.25918003250404764
44,sub-01,DAN,FPN,0.25115582030632844
45,sub-01,DAN,CON,0.25132253263684506
46,sub-01,DAN,SAN,0.2523121828712183
47,sub-01,DAN,VAN,0.2495337285515584
48,sub-01,DAN,DAN,0.23558796541562982
49,sub-01,DAN,DMN,0.2544635878514222
50,sub-01,DAN,Motor,0.2511129169970101
51,sub-01,DAN,Aud.,0.25912867365889547
52,sub-01,DAN,Vis.,0.250675929038658
53,sub-01,DAN,Subc.,0.25394829741461905
54,sub-01,DAN,Whole Brain,0.25169448099603603
55,sub-01,DMN,FPN,0.25081261490834195
56,sub-01,DMN,CON,0.25776600566711144
57,sub-01,DMN,SAN,0.2581424594080067
58,sub-01,DMN,VAN,0.2546255640192786
59,sub-01,DMN,DAN,0.2555431419147017
60,sub-01,DMN,DMN,0.253069480734402
61,sub-01,DMN,Motor,0.25307171335469547
62,sub-01,DMN,Aud.,0.2574731788772591
63,sub-01,DMN,Vis.,0.2556102599348064
64,sub-01,DMN,Subc.,0.2550932275463478
65,sub-01,DMN,Whole Brain,0.25467596646264196
66,sub-01,Motor,FPN,0.25229578608030145
67,sub-01,Motor,CON,0.2531866495569986
68,sub-01,Motor,SAN,0.25439739267377026
69,sub-01,Motor,VAN,0.25024642742926245
70,sub-01,Motor,DAN,0.25214028455903004
71,sub-01,Motor,DMN,0.25309310655888373
72,sub-01,Motor,Motor,0.24297845109227056
73,sub-01,Motor,Aud.,0.25584948351067355
74,sub-01,Motor,Vis.,0.2502105396715828
75,sub-01,Motor,Subc.,0.25482954224021775
76,sub-01,Motor,Whole Brain,0.25178306837785736
77,sub-01,Aud.,FPN,0.25042436231998094
78,sub-01,Aud.,CON,0.2588660196821189
79,sub-01,Aud.,SAN,0.25453518846730194
80,sub-01,Aud.,VAN,0.2516812468341975
81,sub-01,Aud.,DAN,0.25789799221229565
82,sub-01,Aud.,DMN,0.2557537867274764
83,sub-01,Aud.,Motor,0.2539169206195199
84,sub-01,Aud.,Aud.,0.2343045441315661
85,sub-01,Aud.,Vis.,0.25463633714439415
86,sub-01,Aud.,Subc.,0.25909621921070125
87,sub-01,Aud.,Whole Brain,0.25459042543648225
88,sub-01,Vis.,FPN,0.2406905705060369
89,sub-01,Vis.,CON,0.2516488618538145
90,sub-01,Vis.,SAN,0.25270737350780303
91,sub-01,Vis.,VAN,0.24571486703585294
92,sub-01,Vis.,DAN,0.24826857991783371
93,sub-01,Vis.,DMN,0.25179600886753023
94,sub-01,Vis.,Motor,0.2454752943236764
95,sub-01,Vis.,Aud.,0.2532122922045796
96,sub-01,Vis.,Vis.,0.24383114317487337
97,sub-01,Vis.,Subc.,0.24876151986133968
98,sub-01,Vis.,Whole Brain,0.24837087576662414
99,sub-01,Subc.,FPN,0.24293580078374075
100,sub-01,Subc.,CON,0.2464074447440961
101,sub-01,Subc.,SAN,0.2514931843235331
102,sub-01,Subc.,VAN,0.2438681070440428
103,sub-01,Subc.,DAN,0.24682267993482343
104,sub-01,Subc.,DMN,0.24715837242534297
105,sub-01,Subc.,Motor,0.24668040126712992
106,sub-01,Subc.,Aud.,0.25296323297949214
107,sub-01,Subc.,Vis.,0.24542026745718268
108,sub-01,Subc.,Subc.,0.23481526768446753
109,sub-01,Subc.,Whole Brain,0.24612140578404068
110,sub-01,Whole Brain,FPN,0.24763241194361602
111,sub-01,Whole Brain,CON,0.2530565195588494
112,sub-01,Whole Brain,SAN,0.25415731464505475
113,sub-01,Whole Brain,VAN,0.2495444639793129
114,sub-01,Whole Brain,DAN,0.25154366065035005
115,sub-01,Whole Brain,DMN,0.25359914410046097
116,sub-01,Whole Brain,Motor,0.2502907839913467
117,sub-01,Whole Brain,Aud.,0.25516393991548453
118,sub-01,Whole Brain,Vis.,0.2510582846631813
119,sub-01,Whole Brain,Subc.,0.25267739973107595
120,sub-01,Whole Brain,Whole Brain,0.251876796846137
121,sub-02,FPN,FPN,0.2512448315723286
122,sub-02,FPN,CON,0.24354453780641624
123,sub-02,FPN,SAN,0.24868547161028104
124,sub-02,FPN,VAN,0.2506869172266748
125,sub-02,FPN,DAN,0.25859778186339755
126,sub-02,FPN,DMN,0.2468004167443398
127,sub-02,FPN,Motor,0.25667860017285554
128,sub-02,FPN,Aud.,0.2509308705939205
129,sub-02,FPN,Vis.,0.24507891403420787
130,sub-02,FPN,Subc.,0.26408998322429894
131,sub-02,FPN,Whole Brain,0.25122401900717817
132,sub-02,CON,FPN,0.25798393273149856
133,sub-02,CON,CON,0.2207633981809569
134,sub-02,CON,SAN,0.2460086456746372
135,sub-02,CON,VAN,0.2454968239683341
136,sub-02,CON,DAN,0.25173728412813534
137,sub-02,CON,DMN,0.24310349816270865
138,sub-02,CON,Motor,0.25131522422866837
139,sub-02,CON,Aud.,0.24754599053547896
140,sub-02,CON,Vis.,0.24471940853274793
141,sub-02,CON,Subc.,0.2606228545585305
142,sub-02,CON,Whole Brain,0.24810730556325294
143,sub-02,SAN,FPN,0.2761424622424002
144,sub-02,SAN,CON,0.2602005362758133
145,sub-02,SAN,SAN,0.2487829434443715
146,sub-02,SAN,VAN,0.2686035611619245
147,sub-02,SAN,DAN,0.27233258420494144
148,sub-02,SAN,DMN,0.2635569934035102
149,sub-02,SAN,Motor,0.2708894628825493
150,sub-02,SAN,Aud.,0.2647146750877104
151,sub-02,SAN,Vis.,0.2629182989762872
152,sub-02,SAN,Subc.,0.2810971817021612
153,sub-02,SAN,Whole Brain,0.2671866089996579
154,sub-02,VAN,FPN,0.2677644907129141
155,sub-02,VAN,CON,0.2448879231979221
156,sub-02,VAN,SAN,0.2571102683932307
157,sub-02,VAN,VAN,0.21190153542643936
158,sub-02,VAN,DAN,0.26154149717392583
159,sub-02,VAN,DMN,0.2550755300069109
160,sub-02,VAN,Motor,0.25864307430392225
161,sub-02,VAN,Aud.,0.25397719858063184
162,sub-02,VAN,Vis.,0.252203396378702
163,sub-02,VAN,Subc.,0.26834760040261313
164,sub-02,VAN,Whole Brain,0.2565861721137654
165,sub-02,DAN,FPN,0.2711245333678321
166,sub-02,DAN,CON,0.25015331286174586
167,sub-02,DAN,SAN,0.2571701097258241
168,sub-02,DAN,VAN,0.2574360074499269
169,sub-02,DAN,DAN,0.2473252632832273
170,sub-02,DAN,DMN,0.2542667198010481
171,sub-02,DAN,Motor,0.2628151279813117
172,sub-02,DAN,Aud.,0.25871877072589994
173,sub-02,DAN,Vis.,0.2509467363886744
174,sub-02,DAN,Subc.,0.271277980022471
175,sub-02,DAN,Whole Brain,0.25835719098532767
176,sub-02,DMN,FPN,0.2633326204267405
177,sub-02,DMN,CON,0.24623374232206324
178,sub-02,DMN,SAN,0.253638214435164
179,sub-02,DMN,VAN,0.2573687463227257
180,sub-02,DMN,DAN,0.2590175540717225
181,sub-02,DMN,DMN,0.2451440237200498
182,sub-02,DMN,Motor,0.2554282889531889
183,sub-02,DMN,Aud.,0.25288681010893943
184,sub-02,DMN,Vis.,0.24901823151653696
185,sub-02,DMN,Subc.,0.2656000859648715
186,sub-02,DMN,Whole Brain,0.25365671652209976
187,sub-02,Motor,FPN,0.27151629249101694
188,sub-02,Motor,CON,0.25609428585188937
189,sub-02,Motor,SAN,0.26263698364263555
190,sub-02,Motor,VAN,0.2648000694441917
191,sub-02,Motor,DAN,0.2676973877284054
192,sub-02,Motor,DMN,0.2578459532470545
193,sub-02,Motor,Motor,0.254357332721212
194,sub-02,Motor,Aud.,0.2625306198597354
195,sub-02,Motor,Vis.,0.25668624066753293
196,sub-02,Motor,Subc.,0.27506252654739166
197,sub-02,Motor,Whole Brain,0.26181723785488425
198,sub-02,Aud.,FPN,0.2690292924953468
199,sub-02,Aud.,CON,0.25632705298168285
200,sub-02,Aud.,SAN,0.2598876077475694
201,sub-02,Aud.,VAN,0.25917471549756754
202,sub-02,Aud.,DAN,0.26690762713512517
203,sub-02,Aud.,DMN,0.2567582871123567
204,sub-02,Aud.,Motor,0.26422344487537486
205,sub-02,Aud.,Aud.,0.23237837766222208
206,sub-02,Aud.,Vis.,0.25636374359055797
207,sub-02,Aud.,Subc.,0.2759152767405473
208,sub-02,Aud.,Whole Brain,0.26080992720427576
209,sub-02,Vis.,FPN,0.25534642529806606
210,sub-02,Vis.,CON,0.24149999507033817
211,sub-02,Vis.,SAN,0.24663464778153998
212,sub-02,Vis.,VAN,0.24761470897723484
213,sub-02,Vis.,DAN,0.24963328892094824
214,sub-02,Vis.,DMN,0.24305458109082967
215,sub-02,Vis.,Motor,0.2493642029551511
216,sub-02,Vis.,Aud.,0.24596574690440345
217,sub-02,Vis.,Vis.,0.23463112464503338
218,sub-02,Vis.,Subc.,0.2563096791890792
219,sub-02,Vis.,Whole Brain,0.24626302266983033
220,sub-02,Subc.,FPN,0.26482714561242243
221,sub-02,Subc.,CON,0.24928485714750379
222,sub-02,Subc.,SAN,0.2569026806113554
223,sub-02,Subc.,VAN,0.2556072619032855
224,sub-02,Subc.,DAN,0.2613858166519917
225,sub-02,Subc.,DMN,0.2509634644296483
226,sub-02,Subc.,Motor,0.2621033459228468
227,sub-02,Subc.,Aud.,0.25839513297502376
228,sub-02,Subc.,Vis.,0.24916103905512127
229,sub-02,Subc.,Subc.,0.2555024703463667
230,sub-02,Subc.,Whole Brain,0.2559225176758324
231,sub-02,Whole Brain,FPN,0.2646847887611648
232,sub-02,Whole Brain,CON,0.2482774870429754
233,sub-02,Whole Brain,SAN,0.2544096321542331
234,sub-02,Whole Brain,VAN,0.2557349359932983
235,sub-02,Whole Brain,DAN,0.26020608299245573
236,sub-02,Whole Brain,DMN,0.2510295826079241
237,sub-02,Whole Brain,Motor,0.25787107148333094
238,sub-02,Whole Brain,Aud.,0.2542960181801793
239,sub-02,Whole Brain,Vis.,0.2499401875236934
240,sub-02,Whole Brain,Subc.,0.26736613672297793
241,sub-02,Whole Brain,Whole Brain,0.25572751683427003
242,sub-03,FPN,FPN,0.2614484444368254
243,sub-03,FPN,CON,0.27464998062638835
244,sub-03,FPN,SAN,0.2750256356069198
245,sub-03,FPN,VAN,0.28041889495626177
246,sub-03,FPN,DAN,0.27822973039603505
247,sub-03,FPN,DMN,0.27666666713940474
248,sub-03,FPN,Motor,0.277486144563543
249,sub-03,FPN,Aud.,0.2806199906036639
250,sub-03,FPN,Vis.,0.26979585060103123
251,sub-03,FPN,Subc.,0.2769464253883509
252,sub-03,FPN,Whole Brain,0.2746284760691713
253,sub-03,CON,FPN,0.28265443415321084
254,sub-03,CON,CON,0.26954790860777333
255,sub-03,CON,SAN,0.2865825188607146
256,sub-03,CON,VAN,0.28650514512765757
257,sub-03,CON,DAN,0.28639177496570767
258,sub-03,CON,DMN,0.290842243202622
259,sub-03,CON,Motor,0.28594620777623575
260,sub-03,CON,Aud.,0.29591314860447837
261,sub-03,CON,Vis.,0.28035720902737504
262,sub-03,CON,Subc.,0.2868512813276786
263,sub-03,CON,Whole Brain,0.28626209637737066
264,sub-03,SAN,FPN,0.28649143613699996
265,sub-03,SAN,CON,0.29096104113579513
266,sub-03,SAN,SAN,0.27522809382696906
267,sub-03,SAN,VAN,0.2933696219300485
268,sub-03,SAN,DAN,0.2907454273078385
269,sub-03,SAN,DMN,0.29269053494930775
270,sub-03,SAN,Motor,0.29300266081070664
271,sub-03,SAN,Aud.,0.2980726549083139
272,sub-03,SAN,Vis.,0.28682231075233533
273,sub-03,SAN,Subc.,0.29199921080541036
274,sub-03,SAN,Whole Brain,0.2904529651938872
275,sub-03,VAN,FPN,0.29518703684296843
276,sub-03,VAN,CON,0.2915029542845429
277,sub-03,VAN,SAN,0.2967035266666683
278,sub-03,VAN,VAN,0.2561385028624745
279,sub-03,VAN,DAN,0.2978993259653123
280,sub-03,VAN,DMN,0.2979919732965868
281,sub-03,VAN,Motor,0.2977592784950645
282,sub-03,VAN,Aud.,0.29871389258282305
283,sub-03,VAN,Vis.,0.2878271876569059
284,sub-03,VAN,Subc.,0.29403246229454527
285,sub-03,VAN,Whole Brain,0.29419159550098667
286,sub-03,DAN,FPN,0.28830270904134075
287,sub-03,DAN,CON,0.2888959488705259
288,sub-03,DAN,SAN,0.29017600234220176
289,sub-03,DAN,VAN,0.2945656040506134
290,sub-03,DAN,DAN,0.27240458495586567
291,sub-03,DAN,DMN,0.29219313723606855
292,sub-03,DAN,Motor,0.2929897671063648
293,sub-03,DAN,Aud.,0.29888447283287134
294,sub-03,DAN,Vis.,0.28235726611538775
295,sub-03,DAN,Subc.,0.28982462235338097
296,sub-03,DAN,Whole Brain,0.2894301057691883
297,sub-03,DMN,FPN,0.28405906751696447
298,sub-03,DMN,CON,0.2908703733894404
299,sub-03,DMN,SAN,0.28898167838690053
300,sub-03,DMN,VAN,0.2929976267769319
301,sub-03,DMN,DAN,0.2894001910580633
302,sub-03,DMN,DMN,0.28600014195167034
303,sub-03,DMN,Motor,0.2888672192926817
304,sub-03,DMN,Aud.,0.2970975034688891
305,sub-03,DMN,Vis.,0.2820069097854279
306,sub-03,DMN,Subc.,0.28714596609058346
307,sub-03,DMN,Whole Brain,0.2874681534029237
308,sub-03,Motor,FPN,0.2857696404124549
309,sub-03,Motor,CON,0.28603609050031437
310,sub-03,Motor,SAN,0.28927923054777405
311,sub-03,Motor,VAN,0.2921509660054071
312,sub-03,Motor,DAN,0.2904227815538689
313,sub-03,Motor,DMN,0.2892397170731882
314,sub-03,Motor,Motor,0.2756569397966996
315,sub-03,Motor,Aud.,0.29428653461942816
316,sub-03,Motor,Vis.,0.28158663878647305
317,sub-03,Motor,Subc.,0.2885213832989298
318,sub-03,Motor,Whole Brain,0.2864391313783288
319,sub-03,Aud.,FPN,0.2848212281278414
320,sub-03,Aud.,CON,0.29492187885672905
321,sub-03,Aud.,SAN,0.293189447159971
322,sub-03,Aud.,VAN,0.29021371501071364
323,sub-03,Aud.,DAN,0.29501126460608623
324,sub-03,Aud.,DMN,0.29476397845748825
325,sub-03,Aud.,Motor,0.29281072305745304
326,sub-03,Aud.,Aud.,0.2700908533453443
327,sub-03,Aud.,Vis.,0.2832170246171227
328,sub-03,Aud.,Subc.,0.2908922473489586
329,sub-03,Aud.,Whole Brain,0.2901021074435286
330,sub-03,Vis.,FPN,0.27151129981484085
331,sub-03,Vis.,CON,0.27603238008802883
332,sub-03,Vis.,SAN,0.27754234506214825
333,sub-03,Vis.,VAN,0.27705762116367677
334,sub-03,Vis.,DAN,0.2746786366818278
335,sub-03,Vis.,DMN,0.277473447242742
336,sub-03,Vis.,Motor,0.2754127804237893
337,sub-03,Vis.,Aud.,0.28104498793419563
338,sub-03,Vis.,Vis.,0.2624556079352277
339,sub-03,Vis.,Subc.,0.2727083406691878
340,sub-03,Vis.,Whole Brain,0.27422594263540356
341,sub-03,Subc.,FPN,0.2837037517958561
342,sub-03,Subc.,CON,0.28758231161718745
343,sub-03,Subc.,SAN,0.2889922242724233
344,sub-03,Subc.,VAN,0.28653004138145544
345,sub-03,Subc.,DAN,0.28759424692362534
346,sub-03,Subc.,DMN,0.28723132025709613
347,sub-03,Subc.,Motor,0.2881443529939343
348,sub-03,Subc.,Aud.,0.29357550205875865
349,sub-03,Subc.,Vis.,0.27830334177545185
350,sub-03,Subc.,Subc.,0.2704538999186073
351,sub-03,Subc.,Whole Brain,0.2851094458218721
352,sub-03,Whole Brain,FPN,0.28162831940100186
353,sub-03,Whole Brain,CON,0.28599848066586886
354,sub-03,Whole Brain,SAN,0.2862608199969787
355,sub-03,Whole Brain,VAN,0.2876204615636083
356,sub-03,Whole Brain,DAN,0.28630807924321866
357,sub-03,Whole Brain,DMN,0.28713609241515137
358,sub-03,Whole Brain,Motor,0.28566297463665785
359,sub-03,Whole Brain,Aud.,0.2918175207966736
360,sub-03,Whole Brain,Vis.,0.27892751422188133
361,sub-03,Whole Brain,Subc.,0.2846068662813716
362,sub-03,Whole Brain,Whole Brain,0.2849531668366389
363,sub-04,FPN,FPN,0.24092010154163945
364,sub-04,FPN,CON,0.2620572922573356
365,sub-04,FPN,SAN,0.25328473995645756
366,sub-04,FPN,VAN,0.25538328411070726
367,sub-04,FPN,DAN,0.2706089684653666
368,sub-04,FPN,DMN,0.2629097118887029
369,sub-04,FPN,Motor,0.26713822699343676
370,sub-04,FPN,Aud.,0.27048465066233396
371,sub-04,FPN,Vis.,0.25430394032757897
372,sub-04,FPN,Subc.,0.25987044065254084
373,sub-04,FPN,Whole Brain,0.26030010869248277
374,sub-04,CON,FPN,0.2652889657849604
375,sub-04,CON,CON,0.2620200301680165
376,sub-04,CON,SAN,0.26557425464964796
377,sub-04,CON,VAN,0.260067186476684
378,sub-04,CON,DAN,0.2872573640909132
379,sub-04,CON,DMN,0.2802471158109213
380,sub-04,CON,Motor,0.2810779922033304
381,sub-04,CON,Aud.,0.29969113403732883
382,sub-04,CON,Vis.,0.2703168892991143
383,sub-04,CON,Subc.,0.28112969837051077
384,sub-04,CON,Whole Brain,0.27725305962651225
385,sub-04,SAN,FPN,0.2588878143398761
386,sub-04,SAN,CON,0.26661977060471825
387,sub-04,SAN,SAN,0.24189829858698186
388,sub-04,SAN,VAN,0.2633223008304578
389,sub-04,SAN,DAN,0.2728322485149232
390,sub-04,SAN,DMN,0.268152446807713
391,sub-04,SAN,Motor,0.27220111347924825
392,sub-04,SAN,Aud.,0.2745364359353709
393,sub-04,SAN,Vis.,0.2634373918989269
394,sub-04,SAN,Subc.,0.26561315433864147
395,sub-04,SAN,Whole Brain,0.26615943414280135
396,sub-04,VAN,FPN,0.2643259700247455
397,sub-04,VAN,CON,0.26093448327816643
398,sub-04,VAN,SAN,0.2656338797159207
399,sub-04,VAN,VAN,0.2243423475953672
400,sub-04,VAN,DAN,0.2750217182817061
401,sub-04,VAN,DMN,0.2697168029293361
402,sub-04,VAN,Motor,0.27407929810636944
403,sub-04,VAN,Aud.,0.2653196787128353
404,sub-04,VAN,Vis.,0.2587576186563226
405,sub-04,VAN,Subc.,0.2600026237168597
406,sub-04,VAN,Whole Brain,0.26616018649086104
407,sub-04,DAN,FPN,0.27772654621564424
408,sub-04,DAN,CON,0.29049938091874244
409,sub-04,DAN,SAN,0.2747123162901529
410,sub-04,DAN,VAN,0.2761055380372447
411,sub-04,DAN,DAN,0.27384727552529187
412,sub-04,DAN,DMN,0.2882129747192135
413,sub-04,DAN,Motor,0.2916570470140734
414,sub-04,DAN,Aud.,0.3046411681299614
415,sub-04,DAN,Vis.,0.2767409451926071
416,sub-04,DAN,Subc.,0.28417970457251096
417,sub-04,DAN,Whole Brain,0.2853572926999571
418,sub-04,DMN,FPN,0.2678751347921565
419,sub-04,DMN,CON,0.28146789102447145
420,sub-04,DMN,SAN,0.2689417492896324
421,sub-04,DMN,VAN,0.2696458436223313
422,sub-04,DMN,DAN,0.2857378785756801
423,sub-04,DMN,DMN,0.27331646647303814
424,sub-04,DMN,Motor,0.2807150428291962
425,sub-04,DMN,Aud.,0.29099917679947396
426,sub-04,DMN,Vis.,0.2709022665739167
427,sub-04,DMN,Subc.,0.2761732528598656
428,sub-04,DMN,Whole Brain,0.27643445333907174
429,sub-04,Motor,FPN,0.2694278608310356
430,sub-04,Motor,CON,0.2773371441322637
431,sub-04,Motor,SAN,0.2687416015407849
432,sub-04,Motor,VAN,0.27164766350758784
433,sub-04,Motor,DAN,0.28511030640598184
434,sub-04,Motor,DMN,0.2762761916775571
435,sub-04,Motor,Motor,0.2673902221167619
436,sub-04,Motor,Aud.,0.2867481440121113
437,sub-04,Motor,Vis.,0.26978597010611555
438,sub-04,Motor,Subc.,0.27490872058346644
439,sub-04,Motor,Whole Brain,0.2749781132818343
440,sub-04,Aud.,FPN,0.27323094265900144
441,sub-04,Aud.,CON,0.29999183347420416
442,sub-04,Aud.,SAN,0.274929421636605
443,sub-04,Aud.,VAN,0.26723737304943146
444,sub-04,Aud.,DAN,0.3013977987258952
445,sub-04,Aud.,DMN,0.29085367741629714
446,sub-04,Aud.,Motor,0.29193777564526263
447,sub-04,Aud.,Aud.,0.28011766643207964
448,sub-04,Aud.,Vis.,0.27915119789567594
449,sub-04,Aud.,Subc.,0.29210587460169546
450,sub-04,Aud.,Whole Brain,0.2875485845204795
451,sub-04,Vis.,FPN,0.2551120329469191
452,sub-04,Vis.,CON,0.2676771787880559
453,sub-04,Vis.,SAN,0.25961378138499475
454,sub-04,Vis.,VAN,0.25382688821472277
455,sub-04,Vis.,DAN,0.27069884178868786
456,sub-04,Vis.,DMN,0.26659786084739223
457,sub-04,Vis.,Motor,0.2692346639385966
458,sub-04,Vis.,Aud.,0.27562326912691526
459,sub-04,Vis.,Vis.,0.25184778273201813
460,sub-04,Vis.,Subc.,0.26459310544902914
461,sub-04,Vis.,Whole Brain,0.2644213747021106
462,sub-04,Subc.,FPN,0.2629265846663887
463,sub-04,Subc.,CON,0.28128438406058803
464,sub-04,Subc.,SAN,0.2642926862942051
465,sub-04,Subc.,VAN,0.2575711881756595
466,sub-04,Subc.,DAN,0.2811014800938572
467,sub-04,Subc.,DMN,0.2746004708121534
468,sub-04,Subc.,Motor,0.2776284913491539
469,sub-04,Subc.,Aud.,0.2921394372528928
470,sub-04,Subc.,Vis.,0.2672040781377222
471,sub-04,Subc.,Subc.,0.2594668582189934
472,sub-04,Subc.,Whole Brain,0.27296535209611095
473,sub-04,Whole Brain,FPN,0.2643749758314875
474,sub-04,Whole Brain,CON,0.2772221073469493
475,sub-04,Whole Brain,SAN,0.2655708880774299
476,sub-04,Whole Brain,VAN,0.26476249658713297
477,sub-04,Whole Brain,DAN,0.28204793708280956
478,sub-04,Whole Brain,DMN,0.2751989606827274
479,sub-04,Whole Brain,Motor,0.27783068588595533
480,sub-04,Whole Brain,Aud.,0.2866652799474733
481,sub-04,Whole Brain,Vis.,0.2675184810511816
482,sub-04,Whole Brain,Subc.,0.27315979091196235
483,sub-04,Whole Brain,Whole Brain,0.2738993798340803
484,sub-05,FPN,FPN,0.22087526435132662
485,sub-05,FPN,CON,0.2228313645344166
486,sub-05,FPN,SAN,0.2272731407914074
487,sub-05,FPN,VAN,0.2449516522134581
488,sub-05,FPN,DAN,0.23270482929683362
489,sub-05,FPN,DMN,0.22904960984056008
490,sub-05,FPN,Motor,0.23295451004846954
491,sub-05,FPN,Aud.,0.22748865523296816
492,sub-05,FPN,Vis.,0.22313255143191202
493,sub-05,FPN,Subc.,0.22723370230754086
494,sub-05,FPN,Whole Brain,0.22874657888974168
495,sub-05,CON,FPN,0.22350394097374962
496,sub-05,CON,CON,0.2036294626959447
497,sub-05,CON,SAN,0.23032724636989982
498,sub-05,CON,VAN,0.23466490005161555
499,sub-05,CON,DAN,0.22743578653782484
500,sub-05,CON,DMN,0.23058677374772732
501,sub-05,CON,Motor,0.22794779937512474
502,sub-05,CON,Aud.,0.2319586428876094
503,sub-05,CON,Vis.,0.2262786099297649
504,sub-05,CON,Subc.,0.2263594839233579
505,sub-05,CON,Whole Brain,0.22806476235659248
506,sub-05,SAN,FPN,0.23654667695613915
507,sub-05,SAN,CON,0.2370704882918571
508,sub-05,SAN,SAN,0.22934252847529907
509,sub-05,SAN,VAN,0.2486341311599625
510,sub-05,SAN,DAN,0.2388358710046975
511,sub-05,SAN,DMN,0.24559914251387477
512,sub-05,SAN,Motor,0.245531821471886
513,sub-05,SAN,Aud.,0.2421487583063701
514,sub-05,SAN,Vis.,0.2404060891162273
515,sub-05,SAN,Subc.,0.2411778151664351
516,sub-05,SAN,Whole Brain,0.2418770568745595
517,sub-05,VAN,FPN,0.2482906876692459
518,sub-05,VAN,CON,0.23809549807869917
519,sub-05,VAN,SAN,0.24418490134450777
520,sub-05,VAN,VAN,0.20832828893469635
521,sub-05,VAN,DAN,0.24454603872580452
522,sub-05,VAN,DMN,0.24328908999651241
523,sub-05,VAN,Motor,0.24486759669954997
524,sub-05,VAN,Aud.,0.2378717686176583
525,sub-05,VAN,Vis.,0.2370572353994637
526,sub-05,VAN,Subc.,0.2399984223474263
527,sub-05,VAN,Whole Brain,0.24243755218227228
528,sub-05,DAN,FPN,0.23789764044497919
529,sub-05,DAN,CON,0.23004029903386372
530,sub-05,DAN,SAN,0.235290881190314
531,sub-05,DAN,VAN,0.24583091027354112
532,sub-05,DAN,DAN,0.2199171143693272
533,sub-05,DAN,DMN,0.23799014114469905
534,sub-05,DAN,Motor,0.23846321031498513
535,sub-05,DAN,Aud.,0.23751714496538195
536,sub-05,DAN,Vis.,0.2322134535836301
537,sub-05,DAN,Subc.,0.23190438066392988
538,sub-05,DAN,Whole Brain,0.23575613098391707
539,sub-05,DMN,FPN,0.23109201468110796
540,sub-05,DMN,CON,0.23096926940375284
541,sub-05,DMN,SAN,0.2395347806981252
542,sub-05,DMN,VAN,0.24265318858638643
543,sub-05,DMN,DAN,0.23573296255613624
544,sub-05,DMN,DMN,0.23472259858834807
545,sub-05,DMN,Motor,0.23936518393201162
546,sub-05,DMN,Aud.,0.23567253486974632
547,sub-05,DMN,Vis.,0.23605597037286893
548,sub-05,DMN,Subc.,0.23242497370938683
549,sub-05,DMN,Whole Brain,0.23639468375294462
550,sub-05,Motor,FPN,0.2359584509411957
551,sub-05,Motor,CON,0.22944804856707135
552,sub-05,Motor,SAN,0.23950923875726046
553,sub-05,Motor,VAN,0.24513482939365167
554,sub-05,Motor,DAN,0.2358723545897244
555,sub-05,Motor,DMN,0.23918651130004256
556,sub-05,Motor,Motor,0.22962259134686536
557,sub-05,Motor,Aud.,0.23604747913658605
558,sub-05,Motor,Vis.,0.2341623069871991
559,sub-05,Motor,Subc.,0.2347827778645174
560,sub-05,Motor,Whole Brain,0.23657466947194536
561,sub-05,Aud.,FPN,0.22407852439178214
562,sub-05,Aud.,CON,0.22637865487773318
563,sub-05,Aud.,SAN,0.23144163939437065
564,sub-05,Aud.,VAN,0.23159923654372633
565,sub-05,Aud.,DAN,0.23100172728428311
566,sub-05,Aud.,DMN,0.23093850565163782
567,sub-05,Aud.,Motor,0.23033612834241887
568,sub-05,Aud.,Aud.,0.2043372428324547
569,sub-05,Aud.,Vis.,0.2264989295894978
570,sub-05,Aud.,Subc.,0.2268471880130218
571,sub-05,Aud.,Whole Brain,0.2282846614959921
572,sub-05,Vis.,FPN,0.22132905989122442
573,sub-05,Vis.,CON,0.22337587920086385
574,sub-05,Vis.,SAN,0.22956733030244572
575,sub-05,Vis.,VAN,0.23124028754838807
576,sub-05,Vis.,DAN,0.22570384204408214
577,sub-05,Vis.,DMN,0.23213472925853024
578,sub-05,Vis.,Motor,0.23005445966140545
579,sub-05,Vis.,Aud.,0.22682415135214357
580,sub-05,Vis.,Vis.,0.22366456690870695
581,sub-05,Vis.,Subc.,0.2247446010873925
582,sub-05,Vis.,Whole Brain,0.22812787288229516
583,sub-05,Subc.,FPN,0.22815011715111072
584,sub-05,Subc.,CON,0.22620104219280787
585,sub-05,Subc.,SAN,0.2340147448304599
586,sub-05,Subc.,VAN,0.23734095660943116
587,sub-05,Subc.,DAN,0.2285715972612509
588,sub-05,Subc.,DMN,0.23146314664105616
589,sub-05,Subc.,Motor,0.23288650532630747
590,sub-05,Subc.,Aud.,0.2317748279241985
591,sub-05,Subc.,Vis.,0.22755825709281058
592,sub-05,Subc.,Subc.,0.21378097697054668
593,sub-05,Subc.,Whole Brain,0.22986066468240887
594,sub-05,Whole Brain,FPN,0.23062775547470793
595,sub-05,Whole Brain,CON,0.22858862507995367
596,sub-05,Whole Brain,SAN,0.2353630448301083
597,sub-05,Whole Brain,VAN,0.2410600479473149
598,sub-05,Whole Brain,DAN,0.23297177397700172
599,sub-05,Whole Brain,DMN,0.23613001519269616
600,sub-05,Whole Brain,Motor,0.23598933061666372
601,sub-05,Whole Brain,Aud.,0.23313561546485848
602,sub-05,Whole Brain,Vis.,0.23187782243083999
603,sub-05,Whole Brain,Subc.,0.2306573488731413
604,sub-05,Whole Brain,Whole Brain,0.23420793441863116
605,sub-06,FPN,FPN,0.2631334814591271
606,sub-06,FPN,CON,0.277792815769588
607,sub-06,FPN,SAN,0.2760684335739676
608,sub-06,FPN,VAN,0.27869180140598
609,sub-06,FPN,DAN,0.2813977272918539
610,sub-06,FPN,DMN,0.280085051473969
611,sub-06,FPN,Motor,0.286927389997057
612,sub-06,FPN,Aud.,0.27874347945538824
613,sub-06,FPN,Vis.,0.2708628417777767
614,sub-06,FPN,Subc.,0.28100973039747973
615,sub-06,FPN,Whole Brain,0.2778973495618251
616,sub-06,CON,FPN,0.2844078697509704
617,sub-06,CON,CON,0.26531984729015257
618,sub-06,CON,SAN,0.28644934222006535
619,sub-06,CON,VAN,0.2810905095859264
620,sub-06,CON,DAN,0.2868725664138348
621,sub-06,CON,DMN,0.2919594935967833
622,sub-06,CON,Motor,0.2897972255914464
623,sub-06,CON,Aud.,0.29019181805269584
624,sub-06,CON,Vis.,0.28404400829505266
625,sub-06,CON,Subc.,0.28707828151858333
626,sub-06,CON,Whole Brain,0.28731974690458756
627,sub-06,SAN,FPN,0.28871076201630863
628,sub-06,SAN,CON,0.29577340092746296
629,sub-06,SAN,SAN,0.2833265973730961
630,sub-06,SAN,VAN,0.2977812599926537
631,sub-06,SAN,DAN,0.29621869685656793
632,sub-06,SAN,DMN,0.300152258775321
633,sub-06,SAN,Motor,0.3044217403450298
634,sub-06,SAN,Aud.,0.3018280427745941
635,sub-06,SAN,Vis.,0.2939746732873347
636,sub-06,SAN,Subc.,0.3011057005281993
637,sub-06,SAN,Whole Brain,0.29798301116774967
638,sub-06,VAN,FPN,0.2893111047153419
639,sub-06,VAN,CON,0.28430654079478024
640,sub-06,VAN,SAN,0.29545178388325755
641,sub-06,VAN,VAN,0.24800778633464673
642,sub-06,VAN,DAN,0.29002605993982056
643,sub-06,VAN,DMN,0.2955245169091443
644,sub-06,VAN,Motor,0.29874752788334685
645,sub-06,VAN,Aud.,0.2922393947295814
646,sub-06,VAN,Vis.,0.2847444086740111
647,sub-06,VAN,Subc.,0.29346103609754687
648,sub-06,VAN,Whole Brain,0.2913857143919151
649,sub-06,DAN,FPN,0.2855122429258291
650,sub-06,DAN,CON,0.2858726544232014
651,sub-06,DAN,SAN,0.28858969042716376
652,sub-06,DAN,VAN,0.28525219154725423
653,sub-06,DAN,DAN,0.26584719239514865
654,sub-06,DAN,DMN,0.2896073494598126
655,sub-06,DAN,Motor,0.29424440584175054
656,sub-06,DAN,Aud.,0.29136551803115124
657,sub-06,DAN,Vis.,0.28004792309558035
658,sub-06,DAN,Subc.,0.2885870400952367
659,sub-06,DAN,Whole Brain,0.28729532353264997
660,sub-06,DMN,FPN,0.2856606906584871
661,sub-06,DMN,CON,0.2916290810783476
662,sub-06,DMN,SAN,0.29398209754394805
663,sub-06,DMN,VAN,0.2936927971467979
664,sub-06,DMN,DAN,0.28986399425094284
665,sub-06,DMN,DMN,0.2887682263469115
666,sub-06,DMN,Motor,0.2955841002215039
667,sub-06,DMN,Aud.,0.29422363560039216
668,sub-06,DMN,Vis.,0.2867660453874207
669,sub-06,DMN,Subc.,0.2918174931918682
670,sub-06,DMN,Whole Brain,0.2911241807412189
671,sub-06,Motor,FPN,0.2909083189875823
672,sub-06,Motor,CON,0.2887939789008151
673,sub-06,Motor,SAN,0.2956575696103221
674,sub-06,Motor,VAN,0.2923882297363723
675,sub-06,Motor,DAN,0.2942782712885811
676,sub-06,Motor,DMN,0.29419309243363534
677,sub-06,Motor,Motor,0.285410338551193
678,sub-06,Motor,Aud.,0.2956518941172844
679,sub-06,Motor,Vis.,0.2882490760343861
680,sub-06,Motor,Subc.,0.2966600568371581
681,sub-06,Motor,Whole Brain,0.2923814295841506
682,sub-06,Aud.,FPN,0.29119197890143367
683,sub-06,Aud.,CON,0.30049754391934835
684,sub-06,Aud.,SAN,0.3027586613761651
685,sub-06,Aud.,VAN,0.29647837299377355
686,sub-06,Aud.,DAN,0.2995733819141928
687,sub-06,Aud.,DMN,0.30271962067223024
688,sub-06,Aud.,Motor,0.30609186790852416
689,sub-06,Aud.,Aud.,0.27261426628805663
690,sub-06,Aud.,Vis.,0.29601572606163484
691,sub-06,Aud.,Subc.,0.3038691043020075
692,sub-06,Aud.,Whole Brain,0.30012783528008297
693,sub-06,Vis.,FPN,0.27212027782753
694,sub-06,Vis.,CON,0.27942051229508397
695,sub-06,Vis.,SAN,0.28225689581039826
696,sub-06,Vis.,VAN,0.2767313714933944
697,sub-06,Vis.,DAN,0.27650588879429333
698,sub-06,Vis.,DMN,0.2818446247960511
699,sub-06,Vis.,Motor,0.28468558943216254
700,sub-06,Vis.,Aud.,0.2842866420979929
701,sub-06,Vis.,Vis.,0.26711660093474915
702,sub-06,Vis.,Subc.,0.2783094799865896
703,sub-06,Vis.,Whole Brain,0.27900144772206964
704,sub-06,Subc.,FPN,0.2912204102474837
705,sub-06,Subc.,CON,0.29376376787351083
706,sub-06,Subc.,SAN,0.29918909896660395
707,sub-06,Subc.,VAN,0.29494753006905355
708,sub-06,Subc.,DAN,0.296162881128701
709,sub-06,Subc.,DMN,0.2984071063145688
710,sub-06,Subc.,Motor,0.3036440630440545
711,sub-06,Subc.,Aud.,0.30185565046009527
712,sub-06,Subc.,Vis.,0.2892379197345816
713,sub-06,Subc.,Subc.,0.28414322898744054
714,sub-06,Subc.,Whole Brain,0.2965060065571893
715,sub-06,Whole Brain,FPN,0.2843642184303681
716,sub-06,Whole Brain,CON,0.28852405068409354
717,sub-06,Whole Brain,SAN,0.29188403424129306
718,sub-06,Whole Brain,VAN,0.28867529143789616
719,sub-06,Whole Brain,DAN,0.28927422198239416
720,sub-06,Whole Brain,DMN,0.29214756533358033
721,sub-06,Whole Brain,Motor,0.29484187033350506
722,sub-06,Whole Brain,Aud.,0.29290411428135843
723,sub-06,Whole Brain,Vis.,0.28471050171246864
724,sub-06,Whole Brain,Subc.,0.2915373842060973
725,sub-06,Whole Brain,Whole Brain,0.29044695575791296
726,sub-09,FPN,FPN,0.2593875431862924
727,sub-09,FPN,CON,0.27138796508635177
728,sub-09,FPN,SAN,0.2745180386100113
729,sub-09,FPN,VAN,0.2790854508076584
730,sub-09,FPN,DAN,0.2887099773580111
731,sub-09,FPN,DMN,0.27001812200357245
732,sub-09,FPN,Motor,0.27239301666414545
733,sub-09,FPN,Aud.,0.2728600157950298
734,sub-09,FPN,Vis.,0.2692860950711083
735,sub-09,FPN,Subc.,0.2685880400430358
736,sub-09,FPN,Whole Brain,0.27182030658910944
737,sub-09,CON,FPN,0.27853561382171294
738,sub-09,CON,CON,0.25284454386453903
739,sub-09,CON,SAN,0.28324910875819864
740,sub-09,CON,VAN,0.28098596352536326
741,sub-09,CON,DAN,0.2888234666076515
742,sub-09,CON,DMN,0.2770057637035025
743,sub-09,CON,Motor,0.278942164637648
744,sub-09,CON,Aud.,0.284277549066905
745,sub-09,CON,Vis.,0.27641013647114
746,sub-09,CON,Subc.,0.2711346755062527
747,sub-09,CON,Whole Brain,0.27895021449573376
748,sub-09,SAN,FPN,0.2795874118899928
749,sub-09,SAN,CON,0.28066829533195886
750,sub-09,SAN,SAN,0.26548286122537434
751,sub-09,SAN,VAN,0.28541205674984793
752,sub-09,SAN,DAN,0.29059980415190106
753,sub-09,SAN,DMN,0.27944258092865315
754,sub-09,SAN,Motor,0.28032972961478414
755,sub-09,SAN,Aud.,0.28301585725017897
756,sub-09,SAN,Vis.,0.27870615144375244
757,sub-09,SAN,Subc.,0.2758865709386256
758,sub-09,SAN,Whole Brain,0.2805138392058355
759,sub-09,VAN,FPN,0.2867031339174179
760,sub-09,VAN,CON,0.2828062460336379
761,sub-09,VAN,SAN,0.2904907872491065
762,sub-09,VAN,VAN,0.2464226809380747
763,sub-09,VAN,DAN,0.2992362583945879
764,sub-09,VAN,DMN,0.28705620968176815
765,sub-09,VAN,Motor,0.28742834911484494
766,sub-09,VAN,Aud.,0.28136493290856884
767,sub-09,VAN,Vis.,0.28130908480070643
768,sub-09,VAN,Subc.,0.2760546942360595
769,sub-09,VAN,Whole Brain,0.28514576795291446
770,sub-09,DAN,FPN,0.2792143197596917
771,sub-09,DAN,CON,0.27431235501743223
772,sub-09,DAN,SAN,0.2788412005451831
773,sub-09,DAN,VAN,0.27696950054317
774,sub-09,DAN,DAN,0.270007119630058
775,sub-09,DAN,DMN,0.27258971968185136
776,sub-09,DAN,Motor,0.27478354964909446
777,sub-09,DAN,Aud.,0.27774408437300663
778,sub-09,DAN,Vis.,0.2698897993894073
779,sub-09,DAN,Subc.,0.2712148922275825
780,sub-09,DAN,Whole Brain,0.27436606058525087
781,sub-09,DMN,FPN,0.27402915762909147
782,sub-09,DMN,CON,0.27342633288173157
783,sub-09,DMN,SAN,0.2793762868667249
784,sub-09,DMN,VAN,0.28188181623401826
785,sub-09,DMN,DAN,0.2859506980105692
786,sub-09,DMN,DMN,0.2680030872151207
787,sub-09,DMN,Motor,0.2724125877698617
788,sub-09,DMN,Aud.,0.276586624242089
789,sub-09,DMN,Vis.,0.272515451977621
790,sub-09,DMN,Subc.,0.26688227304215567
791,sub-09,DMN,Whole Brain,0.2742115231798631
792,sub-09,Motor,FPN,0.2739000168651617
793,sub-09,Motor,CON,0.2715669900135367
794,sub-09,Motor,SAN,0.27612558305501755
795,sub-09,Motor,VAN,0.27924070283526203
796,sub-09,Motor,DAN,0.2841456849322147
797,sub-09,Motor,DMN,0.268688699175603
798,sub-09,Motor,Motor,0.2590855311404516
799,sub-09,Motor,Aud.,0.27348219908770055
800,sub-09,Motor,Vis.,0.26812226140293505
801,sub-09,Motor,Subc.,0.26612201137542507
802,sub-09,Motor,Whole Brain,0.2711825316617748
803,sub-09,Aud.,FPN,0.2827739095130381
804,sub-09,Aud.,CON,0.2857234537680502
805,sub-09,Aud.,SAN,0.28874555161870213
806,sub-09,Aud.,VAN,0.28407774438790384
807,sub-09,Aud.,DAN,0.29627881674768275
808,sub-09,Aud.,DMN,0.28252738626247254
809,sub-09,Aud.,Motor,0.2824054904516485
810,sub-09,Aud.,Aud.,0.2576412395687507
811,sub-09,Aud.,Vis.,0.2822171623325398
812,sub-09,Aud.,Subc.,0.278860011343925
813,sub-09,Aud.,Whole Brain,0.2836905226991143
814,sub-09,Vis.,FPN,0.26725558530384036
815,sub-09,Vis.,CON,0.26766926923776624
816,sub-09,Vis.,SAN,0.27312566856230697
817,sub-09,Vis.,VAN,0.2702453959011427
818,sub-09,Vis.,DAN,0.27578774966350367
819,sub-09,Vis.,DMN,0.26728501954876005
820,sub-09,Vis.,Motor,0.2663303223248066
821,sub-09,Vis.,Aud.,0.27038179938172646
822,sub-09,Vis.,Vis.,0.2608729536938255
823,sub-09,Vis.,Subc.,0.26045924181329905
824,sub-09,Vis.,Whole Brain,0.26794370833218345
825,sub-09,Subc.,FPN,0.26911703628396894
826,sub-09,Subc.,CON,0.26532343349412757
827,sub-09,Subc.,SAN,0.2709173039535871
828,sub-09,Subc.,VAN,0.26661928793383655
829,sub-09,Subc.,DAN,0.28134260805883604
830,sub-09,Subc.,DMN,0.2635573588699299
831,sub-09,Subc.,Motor,0.26665237350964194
832,sub-09,Subc.,Aud.,0.2699051753147423
833,sub-09,Subc.,Vis.,0.26245991358345366
834,sub-09,Subc.,Subc.,0.24775523370523292
835,sub-09,Subc.,Whole Brain,0.26598743380570683
836,sub-09,Whole Brain,FPN,0.2748408905768793
837,sub-09,Whole Brain,CON,0.274411791872621
838,sub-09,Whole Brain,SAN,0.27894611769908245
839,sub-09,Whole Brain,VAN,0.2791281868856984
840,sub-09,Whole Brain,DAN,0.28595475073824606
841,sub-09,Whole Brain,DMN,0.2731594667488174
842,sub-09,Whole Brain,Motor,0.27356260081019745
843,sub-09,Whole Brain,Aud.,0.27674314629452446
844,sub-09,Whole Brain,Vis.,0.27235888891627946
845,sub-09,Whole Brain,Subc.,0.26839081801477965
846,sub-09,Whole Brain,Whole Brain,0.2753004413934832
847,sub-10,FPN,FPN,0.23564489809152903
848,sub-10,FPN,CON,0.24844606117391907
849,sub-10,FPN,SAN,0.2525421110020951
850,sub-10,FPN,VAN,0.2651246698485166
851,sub-10,FPN,DAN,0.25968436556780405
852,sub-10,FPN,DMN,0.2526634573110623
853,sub-10,FPN,Motor,0.2587462312213536
854,sub-10,FPN,Aud.,0.25296514707072354
855,sub-10,FPN,Vis.,0.2519495461481009
856,sub-10,FPN,Subc.,0.2560938079824207
857,sub-10,FPN,Whole Brain,0.2533734799122265
858,sub-10,CON,FPN,0.25355207172477234
859,sub-10,CON,CON,0.23832705873681967
860,sub-10,CON,SAN,0.25993012423821293
861,sub-10,CON,VAN,0.26969822647444597
862,sub-10,CON,DAN,0.26673350923182515
863,sub-10,CON,DMN,0.2604663311834652
864,sub-10,CON,Motor,0.2661801939995911
865,sub-10,CON,Aud.,0.26366370061204625
866,sub-10,CON,Vis.,0.26231283136694045
867,sub-10,CON,Subc.,0.2604299733088315
868,sub-10,CON,Whole Brain,0.2617107862472945
869,sub-10,SAN,FPN,0.25760272370009063
870,sub-10,SAN,CON,0.2589693910886284
871,sub-10,SAN,SAN,0.24606223479774952
872,sub-10,SAN,VAN,0.27543256030637436
873,sub-10,SAN,DAN,0.26699537420075986
874,sub-10,SAN,DMN,0.26425283986427145
875,sub-10,SAN,Motor,0.26801025747193163
876,sub-10,SAN,Aud.,0.2615176948501408
877,sub-10,SAN,Vis.,0.2626160560102086
878,sub-10,SAN,Subc.,0.26627438093927713
879,sub-10,SAN,Whole Brain,0.2639454954329196
880,sub-10,VAN,FPN,0.27468261630660257
881,sub-10,VAN,CON,0.27339046873243683
882,sub-10,VAN,SAN,0.27994787127449855
883,sub-10,VAN,VAN,0.24746302811594298
884,sub-10,VAN,DAN,0.2858708101997138
885,sub-10,VAN,DMN,0.2818151449841157
886,sub-10,VAN,Motor,0.2841497367325175
887,sub-10,VAN,Aud.,0.27887762782431663
888,sub-10,VAN,Vis.,0.2782309549198047
889,sub-10,VAN,Subc.,0.28010708934511835
890,sub-10,VAN,Whole Brain,0.2800322451442881
891,sub-10,DAN,FPN,0.26459785536302466
892,sub-10,DAN,CON,0.26716247171549695
893,sub-10,DAN,SAN,0.2677144935331458
894,sub-10,DAN,VAN,0.2827892387551506
895,sub-10,DAN,DAN,0.2579193956024124
896,sub-10,DAN,DMN,0.2690801347701903
897,sub-10,DAN,Motor,0.27588599567331495
898,sub-10,DAN,Aud.,0.27376069234403055
899,sub-10,DAN,Vis.,0.2676795371948728
900,sub-10,DAN,Subc.,0.27022729586276184
901,sub-10,DAN,Whole Brain,0.27049711352677125
902,sub-10,DMN,FPN,0.2526877469047255
903,sub-10,DMN,CON,0.2557894664559564
904,sub-10,DMN,SAN,0.26054425406797377
905,sub-10,DMN,VAN,0.2746425984991942
906,sub-10,DMN,DAN,0.26385417850767456
907,sub-10,DMN,DMN,0.2543486755734769
908,sub-10,DMN,Motor,0.26229129501313664
909,sub-10,DMN,Aud.,0.25826581703174406
910,sub-10,DMN,Vis.,0.25892400637563384
911,sub-10,DMN,Subc.,0.26077467548731403
912,sub-10,DMN,Whole Brain,0.25964090540272833
913,sub-10,Motor,FPN,0.2620221606119576
914,sub-10,Motor,CON,0.2642312829500446
915,sub-10,Motor,SAN,0.266343784354662
916,sub-10,Motor,VAN,0.2783740306319327
917,sub-10,Motor,DAN,0.27287984555566086
918,sub-10,Motor,DMN,0.26484817506939096
919,sub-10,Motor,Motor,0.25841128488997445
920,sub-10,Motor,Aud.,0.2670801367892567
921,sub-10,Motor,Vis.,0.26629777638324537
922,sub-10,Motor,Subc.,0.26743931148567235
923,sub-10,Motor,Whole Brain,0.2665727160764047
924,sub-10,Aud.,FPN,0.2510394516227766
925,sub-10,Aud.,CON,0.25615261854598925
926,sub-10,Aud.,SAN,0.2549453342501821
927,sub-10,Aud.,VAN,0.26659936481435736
928,sub-10,Aud.,DAN,0.2663548006740927
929,sub-10,Aud.,DMN,0.2552261916639203
930,sub-10,Aud.,Motor,0.262469347890389
931,sub-10,Aud.,Aud.,0.2310081947193934
932,sub-10,Aud.,Vis.,0.25543051822230517
933,sub-10,Aud.,Subc.,0.2590100495186226
934,sub-10,Aud.,Whole Brain,0.2572353906455221
935,sub-10,Vis.,FPN,0.2523229625444959
936,sub-10,Vis.,CON,0.2590875743422519
937,sub-10,Vis.,SAN,0.25859238005753143
938,sub-10,Vis.,VAN,0.26943237363810585
939,sub-10,Vis.,DAN,0.26292183916526557
940,sub-10,Vis.,DMN,0.25914181402218245
941,sub-10,Vis.,Motor,0.26406902134249866
942,sub-10,Vis.,Aud.,0.2585589788228979
943,sub-10,Vis.,Vis.,0.25073741158306984
944,sub-10,Vis.,Subc.,0.2590144905096427
945,sub-10,Vis.,Whole Brain,0.2594099580768602
946,sub-10,Subc.,FPN,0.26166535849797284
947,sub-10,Subc.,CON,0.26057167111469737
948,sub-10,Subc.,SAN,0.26645920662671657
949,sub-10,Subc.,VAN,0.27501622700779754
950,sub-10,Subc.,DAN,0.2702516737884354
951,sub-10,Subc.,DMN,0.2649033006102315
952,sub-10,Subc.,Motor,0.26943235719724146
953,sub-10,Subc.,Aud.,0.2654921919648873
954,sub-10,Subc.,Vis.,0.2647020553289327
955,sub-10,Subc.,Subc.,0.2522972877319879
956,sub-10,Subc.,Whole Brain,0.26560028790213697
957,sub-10,Whole Brain,FPN,0.2559267622806342
958,sub-10,Whole Brain,CON,0.2591597121896687
959,sub-10,Whole Brain,SAN,0.26188477610153776
960,sub-10,Whole Brain,VAN,0.27395417609361683
961,sub-10,Whole Brain,DAN,0.2675361568274342
962,sub-10,Whole Brain,DMN,0.26162803440955096
963,sub-10,Whole Brain,Motor,0.2662070128844609
964,sub-10,Whole Brain,Aud.,0.2618804369011458
965,sub-10,Whole Brain,Vis.,0.2613925797070316
966,sub-10,Whole Brain,Subc.,0.26306379810167846
967,sub-10,Whole Brain,Whole Brain,0.263188647988631
968,sub-14,FPN,FPN,0.2594691496357231
969,sub-14,FPN,CON,0.2732363451971793
970,sub-14,FPN,SAN,0.2731961911557512
971,sub-14,FPN,VAN,0.2766910510977116
972,sub-14,FPN,DAN,0.2808351069029247
973,sub-14,FPN,DMN,0.27182451072141495
974,sub-14,FPN,Motor,0.27810172701131036
975,sub-14,FPN,Aud.,0.2689993368416567
976,sub-14,FPN,Vis.,0.27426520040522356
977,sub-14,FPN,Subc.,0.2717382814854764
978,sub-14,FPN,Whole Brain,0.2733780781800015
979,sub-14,CON,FPN,0.27839413660739476
980,sub-14,CON,CON,0.2586331304907056
981,sub-14,CON,SAN,0.28161394568301745
982,sub-14,CON,VAN,0.28638870867677985
983,sub-14,CON,DAN,0.2863266489353062
984,sub-14,CON,DMN,0.28248252901390103
985,sub-14,CON,Motor,0.28295457040390143
986,sub-14,CON,Aud.,0.2808100325797889
987,sub-14,CON,Vis.,0.2823275570082839
988,sub-14,CON,Subc.,0.2768737068794395
989,sub-14,CON,Whole Brain,0.28173293450480597
990,sub-14,SAN,FPN,0.2840207504355607
991,sub-14,SAN,CON,0.2852946976515042
992,sub-14,SAN,SAN,0.26930267814753084
993,sub-14,SAN,VAN,0.28912167140385026
994,sub-14,SAN,DAN,0.291895817810914
995,sub-14,SAN,DMN,0.28739928070871956
996,sub-14,SAN,Motor,0.2905661331751488
997,sub-14,SAN,Aud.,0.281340165820514
998,sub-14,SAN,Vis.,0.28984735345927803
999,sub-14,SAN,Subc.,0.2856259094077289
1000,sub-14,SAN,Whole Brain,0.2869757670933366
1001,sub-14,VAN,FPN,0.2877104442100929
1002,sub-14,VAN,CON,0.2879043996738306
1003,sub-14,VAN,SAN,0.2914777178739554
1004,sub-14,VAN,VAN,0.2486224028963839
1005,sub-14,VAN,DAN,0.2930093953677603
1006,sub-14,VAN,DMN,0.28902378107514676
1007,sub-14,VAN,Motor,0.29092569568496607
1008,sub-14,VAN,Aud.,0.28308614814330296
1009,sub-14,VAN,Vis.,0.2879713378401414
1010,sub-14,VAN,Subc.,0.2839775904000322
1011,sub-14,VAN,Whole Brain,0.2885974069681894
1012,sub-14,DAN,FPN,0.27905590653922313
1013,sub-14,DAN,CON,0.27972103549090754
1014,sub-14,DAN,SAN,0.28037608027485605
1015,sub-14,DAN,VAN,0.28150440387999515
1016,sub-14,DAN,DAN,0.2680506113443519
1017,sub-14,DAN,DMN,0.2797045727979765
1018,sub-14,DAN,Motor,0.2819734845581081
1019,sub-14,DAN,Aud.,0.2761646597202247
1020,sub-14,DAN,Vis.,0.2816228952149017
1021,sub-14,DAN,Subc.,0.27515463903168036
1022,sub-14,DAN,Whole Brain,0.2795855281532278
1023,sub-14,DMN,FPN,0.27755722795947013
1024,sub-14,DMN,CON,0.28069163841190004
1025,sub-14,DMN,SAN,0.2822781221710001
1026,sub-14,DMN,VAN,0.2835552996108188
1027,sub-14,DMN,DAN,0.28672542446933463
1028,sub-14,DMN,DMN,0.2749397982820679
1029,sub-14,DMN,Motor,0.28235011101028584
1030,sub-14,DMN,Aud.,0.2761816307854709
1031,sub-14,DMN,Vis.,0.2822143514123065
1032,sub-14,DMN,Subc.,0.27754445816226114
1033,sub-14,DMN,Whole Brain,0.2804002026253431
1034,sub-14,Motor,FPN,0.2848445954440426
1035,sub-14,Motor,CON,0.28369576920350137
1036,sub-14,Motor,SAN,0.2875907798652086
1037,sub-14,Motor,VAN,0.2869579862933969
1038,sub-14,Motor,DAN,0.29025283429996307
1039,sub-14,Motor,DMN,0.2835939263808446
1040,sub-14,Motor,Motor,0.27749842644260747
1041,sub-14,Motor,Aud.,0.28112969242557645
1042,sub-14,Motor,Vis.,0.2878236834458726
1043,sub-14,Motor,Subc.,0.2840554362780538
1044,sub-14,Motor,Whole Brain,0.285372406551735
1045,sub-14,Aud.,FPN,0.2658020212223399
1046,sub-14,Aud.,CON,0.27164765911195105
1047,sub-14,Aud.,SAN,0.2670873445694917
1048,sub-14,Aud.,VAN,0.2693124034538465
1049,sub-14,Aud.,DAN,0.27480912471265545
1050,sub-14,Aud.,DMN,0.26713938596287534
1051,sub-14,Aud.,Motor,0.2706458713735617
1052,sub-14,Aud.,Aud.,0.23682518658551094
1053,sub-14,Aud.,Vis.,0.2685105992860267
1054,sub-14,Aud.,Subc.,0.26694067893514706
1055,sub-14,Aud.,Whole Brain,0.2679938880181701
1056,sub-14,Vis.,FPN,0.27540146385618025
1057,sub-14,Vis.,CON,0.2760294499809426
1058,sub-14,Vis.,SAN,0.2810847779724234
1059,sub-14,Vis.,VAN,0.27678926450766406
1060,sub-14,Vis.,DAN,0.28496589404825473
1061,sub-14,Vis.,DMN,0.2776976277139118
1062,sub-14,Vis.,Motor,0.281588558305608
1063,sub-14,Vis.,Aud.,0.2722322836203768
1064,sub-14,Vis.,Vis.,0.2729591358202114
1065,sub-14,Vis.,Subc.,0.2749957384191738
1066,sub-14,Vis.,Whole Brain,0.2782390162111404
1067,sub-14,Subc.,FPN,0.2749438242471843
1068,sub-14,Subc.,CON,0.2728043625540961
1069,sub-14,Subc.,SAN,0.27775772398997134
1070,sub-14,Subc.,VAN,0.2747797632093852
1071,sub-14,Subc.,DAN,0.28013295285171064
1072,sub-14,Subc.,DMN,0.27520369690445723
1073,sub-14,Subc.,Motor,0.27971660634149487
1074,sub-14,Subc.,Aud.,0.2731879902386272
1075,sub-14,Subc.,Vis.,0.2769476453594133
1076,sub-14,Subc.,Subc.,0.25689273097367316
1077,sub-14,Subc.,Whole Brain,0.275413236914995
1078,sub-14,Whole Brain,FPN,0.2774479974436479
1079,sub-14,Whole Brain,CON,0.2789625071934286
1080,sub-14,Whole Brain,SAN,0.2806748300012356
1081,sub-14,Whole Brain,VAN,0.28121641056209085
1082,sub-14,Whole Brain,DAN,0.28510656935024414
1083,sub-14,Whole Brain,DMN,0.2788224095948876
1084,sub-14,Whole Brain,Motor,0.28221885688602877
1085,sub-14,Whole Brain,Aud.,0.275145247145508
1086,sub-14,Whole Brain,Vis.,0.2811870197551192
1087,sub-14,Whole Brain,Subc.,0.2766185011888625
1088,sub-14,Whole Brain,Whole Brain,0.2803099722052691
1089,sub-15,FPN,FPN,0.24548936577057495
1090,sub-15,FPN,CON,0.25057712820484745
1091,sub-15,FPN,SAN,0.25442382621510673
1092,sub-15,FPN,VAN,0.2713459159389792
1093,sub-15,FPN,DAN,0.2614021467157473
1094,sub-15,FPN,DMN,0.256913432694297
1095,sub-15,FPN,Motor,0.25527246631517764
1096,sub-15,FPN,Aud.,0.2517355877612919
1097,sub-15,FPN,Vis.,0.2543174171069843
1098,sub-15,FPN,Subc.,0.2545774888468845
1099,sub-15,FPN,Whole Brain,0.254683778741924
1100,sub-15,CON,FPN,0.2635282313292369
1101,sub-15,CON,CON,0.24513777493395641
1102,sub-15,CON,SAN,0.2664961509750531
1103,sub-15,CON,VAN,0.2743187462591886
1104,sub-15,CON,DAN,0.26689687343836954
1105,sub-15,CON,DMN,0.2652995411261126
1106,sub-15,CON,Motor,0.26147123147485524
1107,sub-15,CON,Aud.,0.2646516621790832
1108,sub-15,CON,Vis.,0.2623758830273167
1109,sub-15,CON,Subc.,0.25830177217615424
1110,sub-15,CON,Whole Brain,0.26312823303323973
1111,sub-15,SAN,FPN,0.2695305221893228
1112,sub-15,SAN,CON,0.26535731190425754
1113,sub-15,SAN,SAN,0.25186580250930235
1114,sub-15,SAN,VAN,0.28286565507513445
1115,sub-15,SAN,DAN,0.2678230979086729
1116,sub-15,SAN,DMN,0.2677737706201719
1117,sub-15,SAN,Motor,0.2683987928064512
1118,sub-15,SAN,Aud.,0.25901345957852334
1119,sub-15,SAN,Vis.,0.26748595259699487
1120,sub-15,SAN,Subc.,0.2621765860467853
1121,sub-15,SAN,Whole Brain,0.2663665362627595
1122,sub-15,VAN,FPN,0.3062535475973629
1123,sub-15,VAN,CON,0.29534372812228415
1124,sub-15,VAN,SAN,0.30227112006012197
1125,sub-15,VAN,VAN,0.26581550025368156
1126,sub-15,VAN,DAN,0.3008624447855431
1127,sub-15,VAN,DMN,0.30412296402029676
1128,sub-15,VAN,Motor,0.3040153532897079
1129,sub-15,VAN,Aud.,0.29494210259031306
1130,sub-15,VAN,Vis.,0.29851596714923484
1131,sub-15,VAN,Subc.,0.2974475851047824
1132,sub-15,VAN,Whole Brain,0.3005568484103273
1133,sub-15,DAN,FPN,0.2641881823837576
1134,sub-15,DAN,CON,0.25675242361567135
1135,sub-15,DAN,SAN,0.25444274964199715
1136,sub-15,DAN,VAN,0.2708830569277634
1137,sub-15,DAN,DAN,0.25027963934422626
1138,sub-15,DAN,DMN,0.25891964116822447
1139,sub-15,DAN,Motor,0.26097916720842906
1140,sub-15,DAN,Aud.,0.26218462063267145
1141,sub-15,DAN,Vis.,0.25411295637240106
1142,sub-15,DAN,Subc.,0.2563021973610259
1143,sub-15,DAN,Whole Brain,0.25819068062962325
1144,sub-15,DMN,FPN,0.26518841117610714
1145,sub-15,DMN,CON,0.258360218308919
1146,sub-15,DMN,SAN,0.26161912705313517
1147,sub-15,DMN,VAN,0.27820888204649075
1148,sub-15,DMN,DAN,0.2639514250324969
1149,sub-15,DMN,DMN,0.2577444809797831
1150,sub-15,DMN,Motor,0.261273795869004
1151,sub-15,DMN,Aud.,0.25753003226812965
1152,sub-15,DMN,Vis.,0.26160517973074965
1153,sub-15,DMN,Subc.,0.25772338728010524
1154,sub-15,DMN,Whole Brain,0.26108454043901796
1155,sub-15,Motor,FPN,0.2644612207437651
1156,sub-15,Motor,CON,0.25561139472109334
1157,sub-15,Motor,SAN,0.26185125043035407
1158,sub-15,Motor,VAN,0.27804359553258695
1159,sub-15,Motor,DAN,0.26508018821784446
1160,sub-15,Motor,DMN,0.2605627325200375
1161,sub-15,Motor,Motor,0.2501526725340344
1162,sub-15,Motor,Aud.,0.25534347842583066
1163,sub-15,Motor,Vis.,0.26046919314911426
1164,sub-15,Motor,Subc.,0.2581017300480209
1165,sub-15,Motor,Whole Brain,0.259713957805108
1166,sub-15,Aud.,FPN,0.2603969169490671
1167,sub-15,Aud.,CON,0.2587645076907545
1168,sub-15,Aud.,SAN,0.25260920655894215
1169,sub-15,Aud.,VAN,0.2712908227207907
1170,sub-15,Aud.,DAN,0.2671616518775046
1171,sub-15,Aud.,DMN,0.25792906982377206
1172,sub-15,Aud.,Motor,0.2556946827516813
1173,sub-15,Aud.,Aud.,0.23038520413805802
1174,sub-15,Aud.,Vis.,0.2526417296526136
1175,sub-15,Aud.,Subc.,0.25572382589067805
1176,sub-15,Aud.,Whole Brain,0.2558808391446531
1177,sub-15,Vis.,FPN,0.259548091441984
1178,sub-15,Vis.,CON,0.2509360554818349
1179,sub-15,Vis.,SAN,0.2577756497320796
1180,sub-15,Vis.,VAN,0.2686806166615197
1181,sub-15,Vis.,DAN,0.2565204012082781
1182,sub-15,Vis.,DMN,0.2572207064502613
1183,sub-15,Vis.,Motor,0.2556699634721675
1184,sub-15,Vis.,Aud.,0.24855306009591988
1185,sub-15,Vis.,Vis.,0.2490753243631218
1186,sub-15,Vis.,Subc.,0.2510244854600092
1187,sub-15,Vis.,Whole Brain,0.2554006287409149
1188,sub-15,Subc.,FPN,0.25981284978109787
1189,sub-15,Subc.,CON,0.2504077088887647
1190,sub-15,Subc.,SAN,0.252450608265224
1191,sub-15,Subc.,VAN,0.2671270696233404
1192,sub-15,Subc.,DAN,0.2584652622581997
1193,sub-15,Subc.,DMN,0.2543453025425065
1194,sub-15,Subc.,Motor,0.25420647275605246
1195,sub-15,Subc.,Aud.,0.25352570231953026
1196,sub-15,Subc.,Vis.,0.2522083647120238
1197,sub-15,Subc.,Subc.,0.2357612042441829
1198,sub-15,Subc.,Whole Brain,0.2528755214698614
1199,sub-15,Whole Brain,FPN,0.2637726436854096
1200,sub-15,Whole Brain,CON,0.2573158457518204
1201,sub-15,Whole Brain,SAN,0.2605221957718414
1202,sub-15,Whole Brain,VAN,0.27489090364758423
1203,sub-15,Whole Brain,DAN,0.26400300648078684
1204,sub-15,Whole Brain,DMN,0.2614226658264963
1205,sub-15,Whole Brain,Motor,0.2603227552813478
1206,sub-15,Whole Brain,Aud.,0.2561511104908347
1207,sub-15,Whole Brain,Vis.,0.2599365036824925
1208,sub-15,Whole Brain,Subc.,0.25653688557632726
1209,sub-15,Whole Brain,Whole Brain,0.26056607027398615
1210,sub-16,FPN,FPN,0.2464384699757185
1211,sub-16,FPN,CON,0.26760903725534274
1212,sub-16,FPN,SAN,0.26911299538220923
1213,sub-16,FPN,VAN,0.27083658139515565
1214,sub-16,FPN,DAN,0.2679697241106242
1215,sub-16,FPN,DMN,0.27037172526602066
1216,sub-16,FPN,Motor,0.2701461424379662
1217,sub-16,FPN,Aud.,0.2695914071301944
1218,sub-16,FPN,Vis.,0.2597435647413871
1219,sub-16,FPN,Subc.,0.2719841387376375
1220,sub-16,FPN,Whole Brain,0.266693967907526
1221,sub-16,CON,FPN,0.2758221499520051
1222,sub-16,CON,CON,0.26695256021331176
1223,sub-16,CON,SAN,0.2891982823710887
1224,sub-16,CON,VAN,0.2835045550078131
1225,sub-16,CON,DAN,0.2844383918538521
1226,sub-16,CON,DMN,0.29144519471031183
1227,sub-16,CON,Motor,0.2869967474230642
1228,sub-16,CON,Aud.,0.29165319187148964
1229,sub-16,CON,Vis.,0.2796346981229573
1230,sub-16,CON,Subc.,0.28903787623777133
1231,sub-16,CON,Whole Brain,0.286107597713669
1232,sub-16,SAN,FPN,0.27888729465639917
1233,sub-16,SAN,CON,0.2900405439653744
1234,sub-16,SAN,SAN,0.27546725035133657
1235,sub-16,SAN,VAN,0.2951510538779444
1236,sub-16,SAN,DAN,0.2848178818001867
1237,sub-16,SAN,DMN,0.29207913394498825
1238,sub-16,SAN,Motor,0.2934817667834795
1239,sub-16,SAN,Aud.,0.2926137766549818
1240,sub-16,SAN,Vis.,0.2827015066854056
1241,sub-16,SAN,Subc.,0.29541656874552874
1242,sub-16,SAN,Whole Brain,0.2889874533239743
1243,sub-16,VAN,FPN,0.2907822959758906
1244,sub-16,VAN,CON,0.29598349558620296
1245,sub-16,VAN,SAN,0.3046254446718889
1246,sub-16,VAN,VAN,0.2567932266051779
1247,sub-16,VAN,DAN,0.2961081576566815
1248,sub-16,VAN,DMN,0.30153874162037886
1249,sub-16,VAN,Motor,0.29891149256734945
1250,sub-16,VAN,Aud.,0.2982276964617278
1251,sub-16,VAN,Vis.,0.29114931775560304
1252,sub-16,VAN,Subc.,0.3011679441552012
1253,sub-16,VAN,Whole Brain,0.2970356071149467
1254,sub-16,DAN,FPN,0.2740735770931476
1255,sub-16,DAN,CON,0.2831134455326411
1256,sub-16,DAN,SAN,0.28339475697349265
1257,sub-16,DAN,VAN,0.28193725608484665
1258,sub-16,DAN,DAN,0.2616295777705826
1259,sub-16,DAN,DMN,0.2858952670615489
1260,sub-16,DAN,Motor,0.2845801930590948
1261,sub-16,DAN,Aud.,0.2876046930841188
1262,sub-16,DAN,Vis.,0.27353319480569477
1263,sub-16,DAN,Subc.,0.2849597496034734
1264,sub-16,DAN,Whole Brain,0.2811930678501719
1265,sub-16,DMN,FPN,0.2756980473611512
1266,sub-16,DMN,CON,0.28896200504762787
1267,sub-16,DMN,SAN,0.28911507854476615
1268,sub-16,DMN,VAN,0.2898527454812343
1269,sub-16,DMN,DAN,0.28387324231576433
1270,sub-16,DMN,DMN,0.2844884881956077
1271,sub-16,DMN,Motor,0.2856492327821159
1272,sub-16,DMN,Aud.,0.28882677906375764
1273,sub-16,DMN,Vis.,0.27801297507365785
1274,sub-16,DMN,Subc.,0.289630655630056
1275,sub-16,DMN,Whole Brain,0.28500659961982056
1276,sub-16,Motor,FPN,0.2746291895924134
1277,sub-16,Motor,CON,0.2840324076583594
1278,sub-16,Motor,SAN,0.2873962078006935
1279,sub-16,Motor,VAN,0.28530192550278594
1280,sub-16,Motor,DAN,0.28178151963704945
1281,sub-16,Motor,DMN,0.28390562998830565
1282,sub-16,Motor,Motor,0.27224725415403134
1283,sub-16,Motor,Aud.,0.28649387184954694
1284,sub-16,Motor,Vis.,0.275633938547324
1285,sub-16,Motor,Subc.,0.28978107516093105
1286,sub-16,Motor,Whole Brain,0.2817774484897582
1287,sub-16,Aud.,FPN,0.2749676199273647
1288,sub-16,Aud.,CON,0.29295331715101014
1289,sub-16,Aud.,SAN,0.29206871838977777
1290,sub-16,Aud.,VAN,0.2864657225872442
1291,sub-16,Aud.,DAN,0.2885796731834724
1292,sub-16,Aud.,DMN,0.29219173303090085
1293,sub-16,Aud.,Motor,0.2911228532333754
1294,sub-16,Aud.,Aud.,0.26314946498483593
1295,sub-16,Aud.,Vis.,0.2782436549226699
1296,sub-16,Aud.,Subc.,0.29582978821456796
1297,sub-16,Aud.,Whole Brain,0.28740685097868646
1298,sub-16,Vis.,FPN,0.263424778404316
1299,sub-16,Vis.,CON,0.2760900097197154
1300,sub-16,Vis.,SAN,0.27749835578428783
1301,sub-16,Vis.,VAN,0.2753083643434877
1302,sub-16,Vis.,DAN,0.27028226382996384
1303,sub-16,Vis.,DMN,0.2759345838918385
1304,sub-16,Vis.,Motor,0.2750747331997515
1305,sub-16,Vis.,Aud.,0.2753077515293308
1306,sub-16,Vis.,Vis.,0.2597118563786359
1307,sub-16,Vis.,Subc.,0.2762036381693351
1308,sub-16,Vis.,Whole Brain,0.27279492043111014
1309,sub-16,Subc.,FPN,0.2771568050527911
1310,sub-16,Subc.,CON,0.28783635782343947
1311,sub-16,Subc.,SAN,0.29411502082747715
1312,sub-16,Subc.,VAN,0.2896306859121995
1313,sub-16,Subc.,DAN,0.28489325933919474
1314,sub-16,Subc.,DMN,0.29072905133363697
1315,sub-16,Subc.,Motor,0.291645929460499
1316,sub-16,Subc.,Aud.,0.29546178611083834
1317,sub-16,Subc.,Vis.,0.2783041207675881
1318,sub-16,Subc.,Subc.,0.278440634431312
1319,sub-16,Subc.,Whole Brain,0.2873743252365974
1320,sub-16,Whole Brain,FPN,0.2730133501372316
1321,sub-16,Whole Brain,CON,0.28489579323030023
1322,sub-16,Whole Brain,SAN,0.2866600942565915
1323,sub-16,Whole Brain,VAN,0.28475923182624446
1324,sub-16,Whole Brain,DAN,0.28087604484683615
1325,sub-16,Whole Brain,DMN,0.28598904327270747
1326,sub-16,Whole Brain,Motor,0.2842471665533972
1327,sub-16,Whole Brain,Aud.,0.28622974969989795
1328,sub-16,Whole Brain,Vis.,0.27544251407327686
1329,sub-16,Whole Brain,Subc.,0.287490957054774
1330,sub-16,Whole Brain,Whole Brain,0.2830427857857216
1331,sub-17,FPN,FPN,0.24328827648061882
1332,sub-17,FPN,CON,0.24938562882475254
1333,sub-17,FPN,SAN,0.2588093807552274
1334,sub-17,FPN,VAN,0.2589127674550372
1335,sub-17,FPN,DAN,0.2592092720320502
1336,sub-17,FPN,DMN,0.2550644653624758
1337,sub-17,FPN,Motor,0.2538823434738391
1338,sub-17,FPN,Aud.,0.2549636657463102
1339,sub-17,FPN,Vis.,0.25204190629846407
1340,sub-17,FPN,Subc.,0.2550889344675969
1341,sub-17,FPN,Whole Brain,0.2542669303194464
1342,sub-17,CON,FPN,0.25389858507841795
1343,sub-17,CON,CON,0.2299477475103003
1344,sub-17,CON,SAN,0.2571957509394148
1345,sub-17,CON,VAN,0.25202858859852556
1346,sub-17,CON,DAN,0.25444093408696244
1347,sub-17,CON,DMN,0.254713272812168
1348,sub-17,CON,Motor,0.2507043149181616
1349,sub-17,CON,Aud.,0.2568784390393186
1350,sub-17,CON,Vis.,0.25312319879779005
1351,sub-17,CON,Subc.,0.2515350680713198
1352,sub-17,CON,Whole Brain,0.2534176015289943
1353,sub-17,SAN,FPN,0.26169077580189687
1354,sub-17,SAN,CON,0.25615057498325994
1355,sub-17,SAN,SAN,0.2480272071486636
1356,sub-17,SAN,VAN,0.2613117301144566
1357,sub-17,SAN,DAN,0.2606925253737549
1358,sub-17,SAN,DMN,0.2628859014107295
1359,sub-17,SAN,Motor,0.2593210121152875
1360,sub-17,SAN,Aud.,0.26035206221351875
1361,sub-17,SAN,Vis.,0.26131964751067754
1362,sub-17,SAN,Subc.,0.2627251383624989
1363,sub-17,SAN,Whole Brain,0.261143676187119
1364,sub-17,VAN,FPN,0.2690090184022112
1365,sub-17,VAN,CON,0.2595138486788664
1366,sub-17,VAN,SAN,0.27037875103232756
1367,sub-17,VAN,VAN,0.22906393707922312
1368,sub-17,VAN,DAN,0.2721090271603595
1369,sub-17,VAN,DMN,0.2689440151627568
1370,sub-17,VAN,Motor,0.26503848616201203
1371,sub-17,VAN,Aud.,0.2657934973092173
1372,sub-17,VAN,Vis.,0.26534976383665637
1373,sub-17,VAN,Subc.,0.26370183184530643
1374,sub-17,VAN,Whole Brain,0.2667131184888408
1375,sub-17,DAN,FPN,0.26572186187030206
1376,sub-17,DAN,CON,0.25530295981564904
1377,sub-17,DAN,SAN,0.26359820792198113
1378,sub-17,DAN,VAN,0.2665294781550073
1379,sub-17,DAN,DAN,0.24497051373056522
1380,sub-17,DAN,DMN,0.26278912309466024
1381,sub-17,DAN,Motor,0.2594858050132692
1382,sub-17,DAN,Aud.,0.2629144009151725
1383,sub-17,DAN,Vis.,0.25874644341874514
1384,sub-17,DAN,Subc.,0.2594270349384457
1385,sub-17,DAN,Whole Brain,0.26111079552476113
1386,sub-17,DMN,FPN,0.25970883634975606
1387,sub-17,DMN,CON,0.2545573425174622
1388,sub-17,DMN,SAN,0.264205945313096
1389,sub-17,DMN,VAN,0.26265577271328616
1390,sub-17,DMN,DAN,0.2619813625854923
1391,sub-17,DMN,DMN,0.25590122973314733
1392,sub-17,DMN,Motor,0.2561958412298286
1393,sub-17,DMN,Aud.,0.2601142376930442
1394,sub-17,DMN,Vis.,0.2587641069441493
1395,sub-17,DMN,Subc.,0.25812120072785405
1396,sub-17,DMN,Whole Brain,0.259110297164153
1397,sub-17,Motor,FPN,0.25664589206289834
1398,sub-17,Motor,CON,0.2482940548933373
1399,sub-17,Motor,SAN,0.2587697200727227
1400,sub-17,Motor,VAN,0.25665586598972573
1401,sub-17,Motor,DAN,0.2554226242100463
1402,sub-17,Motor,DMN,0.2530050594183435
1403,sub-17,Motor,Motor,0.24256641943386037
1404,sub-17,Motor,Aud.,0.2532565460792912
1405,sub-17,Motor,Vis.,0.25193135270252076
1406,sub-17,Motor,Subc.,0.2542386960262871
1407,sub-17,Motor,Whole Brain,0.25346333653213515
1408,sub-17,Aud.,FPN,0.2536634303829429
1409,sub-17,Aud.,CON,0.2505354372697448
1410,sub-17,Aud.,SAN,0.2559141057710144
1411,sub-17,Aud.,VAN,0.2553001557218812
1412,sub-17,Aud.,DAN,0.25684797577201673
1413,sub-17,Aud.,DMN,0.2549412073657074
1414,sub-17,Aud.,Motor,0.2500740829011456
1415,sub-17,Aud.,Aud.,0.22655319834848453
1416,sub-17,Aud.,Vis.,0.25103402510026124
1417,sub-17,Aud.,Subc.,0.25306313685174325
1418,sub-17,Aud.,Whole Brain,0.25278903869950836
1419,sub-17,Vis.,FPN,0.2541402950678669
1420,sub-17,Vis.,CON,0.25004686607726256
1421,sub-17,Vis.,SAN,0.2603563125593985
1422,sub-17,Vis.,VAN,0.25323091668580505
1423,sub-17,Vis.,DAN,0.2550169498424027
1424,sub-17,Vis.,DMN,0.25599059791875806
1425,sub-17,Vis.,Motor,0.25144198515846206
1426,sub-17,Vis.,Aud.,0.2547512473239775
1427,sub-17,Vis.,Vis.,0.25202576233916263
1428,sub-17,Vis.,Subc.,0.25329576448876545
1429,sub-17,Vis.,Whole Brain,0.25480431017270694
1430,sub-17,Subc.,FPN,0.2563112045951089
1431,sub-17,Subc.,CON,0.2476005546500447
1432,sub-17,Subc.,SAN,0.25924738526203484
1433,sub-17,Subc.,VAN,0.25361549632218827
1434,sub-17,Subc.,DAN,0.25469557739203785
1435,sub-17,Subc.,DMN,0.25414237611040136
1436,sub-17,Subc.,Motor,0.25243941899325456
1437,sub-17,Subc.,Aud.,0.255615405465457
1438,sub-17,Subc.,Vis.,0.2508140147761744
1439,sub-17,Subc.,Subc.,0.23910724526239174
1440,sub-17,Subc.,Whole Brain,0.2531949906223185
1441,sub-17,Whole Brain,FPN,0.2585033257562614
1442,sub-17,Whole Brain,CON,0.25279855479192825
1443,sub-17,Whole Brain,SAN,0.26200107842668713
1444,sub-17,Whole Brain,VAN,0.2592169021152712
1445,sub-17,Whole Brain,DAN,0.259414039766761
1446,sub-17,Whole Brain,DMN,0.2585035669932657
1447,sub-17,Whole Brain,Motor,0.25529643336501423
1448,sub-17,Whole Brain,Aud.,0.2579844293629013
1449,sub-17,Whole Brain,Vis.,0.25685341091662034
1450,sub-17,Whole Brain,Subc.,0.2567893892897762
1451,sub-17,Whole Brain,Whole Brain,0.2581573106481097
1452,sub-18,FPN,FPN,0.22467146316726433
1453,sub-18,FPN,CON,0.23985921598707288
1454,sub-18,FPN,SAN,0.23672361081853038
1455,sub-18,FPN,VAN,0.24512946804797808
1456,sub-18,FPN,DAN,0.24330459473161956
1457,sub-18,FPN,DMN,0.2389981491241248
1458,sub-18,FPN,Motor,0.2359759081783685
1459,sub-18,FPN,Aud.,0.24012701103587222
1460,sub-18,FPN,Vis.,0.23103004424090015
1461,sub-18,FPN,Subc.,0.235763754317168
1462,sub-18,FPN,Whole Brain,0.23603320466607658
1463,sub-18,CON,FPN,0.2519863995870463
1464,sub-18,CON,CON,0.2330623641219951
1465,sub-18,CON,SAN,0.2560440492974234
1466,sub-18,CON,VAN,0.2589016444633098
1467,sub-18,CON,DAN,0.25691510075254376
1468,sub-18,CON,DMN,0.2577693917915221
1469,sub-18,CON,Motor,0.24932278806798955
1470,sub-18,CON,Aud.,0.2620912631295898
1471,sub-18,CON,Vis.,0.2486705038767274
1472,sub-18,CON,Subc.,0.25066530857943464
1473,sub-18,CON,Whole Brain,0.2534388563239393
1474,sub-18,SAN,FPN,0.24657436252610657
1475,sub-18,SAN,CON,0.2532000562507841
1476,sub-18,SAN,SAN,0.24019813447561733
1477,sub-18,SAN,VAN,0.26395720592141275
1478,sub-18,SAN,DAN,0.2528725866944235
1479,sub-18,SAN,DMN,0.255431325699041
1480,sub-18,SAN,Motor,0.24760848743493374
1481,sub-18,SAN,Aud.,0.253474303340215
1482,sub-18,SAN,Vis.,0.24864229858366216
1483,sub-18,SAN,Subc.,0.2503101016840897
1484,sub-18,SAN,Whole Brain,0.2511018504018375
1485,sub-18,VAN,FPN,0.2615273114159888
1486,sub-18,VAN,CON,0.2599976235442979
1487,sub-18,VAN,SAN,0.2692669786155829
1488,sub-18,VAN,VAN,0.23039353245300423
1489,sub-18,VAN,DAN,0.2676625261620214
1490,sub-18,VAN,DMN,0.2663774443736672
1491,sub-18,VAN,Motor,0.26024237220189006
1492,sub-18,VAN,Aud.,0.26404407031835897
1493,sub-18,VAN,Vis.,0.2548162844981859
1494,sub-18,VAN,Subc.,0.2611807962720951
1495,sub-18,VAN,Whole Brain,0.2619597701409664
1496,sub-18,DAN,FPN,0.24740367308777497
1497,sub-18,DAN,CON,0.25020793282519566
1498,sub-18,DAN,SAN,0.24704748419474767
1499,sub-18,DAN,VAN,0.2565750415303308
1500,sub-18,DAN,DAN,0.23603199473465042
1501,sub-18,DAN,DMN,0.251083279817232
1502,sub-18,DAN,Motor,0.2440756746699144
1503,sub-18,DAN,Aud.,0.2558672450019544
1504,sub-18,DAN,Vis.,0.24034517635345534
1505,sub-18,DAN,Subc.,0.2461303122669548
1506,sub-18,DAN,Whole Brain,0.24703663378907842
1507,sub-18,DMN,FPN,0.24513299944164524
1508,sub-18,DMN,CON,0.2521694368703681
1509,sub-18,DMN,SAN,0.2525013061397887
1510,sub-18,DMN,VAN,0.2581437575286497
1511,sub-18,DMN,DAN,0.25363505349583887
1512,sub-18,DMN,DMN,0.2470844791144591
1513,sub-18,DMN,Motor,0.24200304119166666
1514,sub-18,DMN,Aud.,0.25490288130415983
1515,sub-18,DMN,Vis.,0.2437828092817099
1516,sub-18,DMN,Subc.,0.24410948264222795
1517,sub-18,DMN,Whole Brain,0.2476205110435605
1518,sub-18,Motor,FPN,0.24074772569293082
1519,sub-18,Motor,CON,0.24186924657969602
1520,sub-18,Motor,SAN,0.24234587040759284
1521,sub-18,Motor,VAN,0.24888585565573748
1522,sub-18,Motor,DAN,0.24484485507806977
1523,sub-18,Motor,DMN,0.24088351048308332
1524,sub-18,Motor,Motor,0.2298120744498814
1525,sub-18,Motor,Aud.,0.24361406510812877
1526,sub-18,Motor,Vis.,0.23623918513492764
1527,sub-18,Motor,Subc.,0.24174537232943677
1528,sub-18,Motor,Whole Brain,0.23997930798244202
1529,sub-18,Aud.,FPN,0.25027641467621564
1530,sub-18,Aud.,CON,0.2616684924091187
1531,sub-18,Aud.,SAN,0.2548680751488995
1532,sub-18,Aud.,VAN,0.2614398550068122
1533,sub-18,Aud.,DAN,0.26155873819240844
1534,sub-18,Aud.,DMN,0.2587174891718712
1535,sub-18,Aud.,Motor,0.2487075668747796
1536,sub-18,Aud.,Aud.,0.23790892314633474
1537,sub-18,Aud.,Vis.,0.248482188974986
1538,sub-18,Aud.,Subc.,0.2529444471214347
1539,sub-18,Aud.,Whole Brain,0.2539286123921693
1540,sub-18,Vis.,FPN,0.22807730511951135
1541,sub-18,Vis.,CON,0.2336474310440512
1542,sub-18,Vis.,SAN,0.2368821010737882
1543,sub-18,Vis.,VAN,0.23584268427727498
1544,sub-18,Vis.,DAN,0.23283620580989098
1545,sub-18,Vis.,DMN,0.2347740267872155
1546,sub-18,Vis.,Motor,0.22857022463109572
1547,sub-18,Vis.,Aud.,0.23539863051899032
1548,sub-18,Vis.,Vis.,0.22167838483942923
1549,sub-18,Vis.,Subc.,0.22862113784359323
1550,sub-18,Vis.,Whole Brain,0.2311831351815714
1551,sub-18,Subc.,FPN,0.23992547630100627
1552,sub-18,Subc.,CON,0.24349181835951283
1553,sub-18,Subc.,SAN,0.24480428026706216
1554,sub-18,Subc.,VAN,0.24936898881030686
1555,sub-18,Subc.,DAN,0.2468231449925763
1556,sub-18,Subc.,DMN,0.24231642995295605
1557,sub-18,Subc.,Motor,0.2405877517438612
1558,sub-18,Subc.,Aud.,0.24876355037978246
1559,sub-18,Subc.,Vis.,0.2348693447170272
1560,sub-18,Subc.,Subc.,0.22723470470854415
1561,sub-18,Subc.,Whole Brain,0.24087193558160128
1562,sub-18,Whole Brain,FPN,0.24185084876336385
1563,sub-18,Whole Brain,CON,0.24730916677268508
1564,sub-18,Whole Brain,SAN,0.2475486349764313
1565,sub-18,Whole Brain,VAN,0.25263468917474174
1566,sub-18,Whole Brain,DAN,0.24881731477789149
1567,sub-18,Whole Brain,DMN,0.24723958157357628
1568,sub-18,Whole Brain,Motor,0.24089979781415025
1569,sub-18,Whole Brain,Aud.,0.24958634744762176
1570,sub-18,Whole Brain,Vis.,0.23980955858134267
1571,sub-18,Whole Brain,Subc.,0.24254545836214497
1572,sub-18,Whole Brain,Whole Brain,0.24470850806159702
1573,sub-19,FPN,FPN,0.21836684552394267
1574,sub-19,FPN,CON,0.22623141363278648
1575,sub-19,FPN,SAN,0.22974530193298787
1576,sub-19,FPN,VAN,0.23836011565577175
1577,sub-19,FPN,DAN,0.23663324321238274
1578,sub-19,FPN,DMN,0.22772651373347566
1579,sub-19,FPN,Motor,0.2325280549573905
1580,sub-19,FPN,Aud.,0.22939372401711314
1581,sub-19,FPN,Vis.,0.2249789931927265
1582,sub-19,FPN,Subc.,0.22840356538660084
1583,sub-19,FPN,Whole Brain,0.22835297955098555
1584,sub-19,CON,FPN,0.22931682363876113
1585,sub-19,CON,CON,0.21966192542777618
1586,sub-19,CON,SAN,0.23769016220595732
1587,sub-19,CON,VAN,0.23476669956857268
1588,sub-19,CON,DAN,0.23520359555601014
1589,sub-19,CON,DMN,0.23292554441797655
1590,sub-19,CON,Motor,0.23461482058483785
1591,sub-19,CON,Aud.,0.23734053332275154
1592,sub-19,CON,Vis.,0.2288254580637663
1593,sub-19,CON,Subc.,0.23305662390136697
1594,sub-19,CON,Whole Brain,0.23257153689238133
1595,sub-19,SAN,FPN,0.24306176983394356
1596,sub-19,SAN,CON,0.24741637150089607
1597,sub-19,SAN,SAN,0.23074304201324627
1598,sub-19,SAN,VAN,0.2543414919544836
1599,sub-19,SAN,DAN,0.24695824933168056
1600,sub-19,SAN,DMN,0.24379594704551869
1601,sub-19,SAN,Motor,0.24829987653790717
1602,sub-19,SAN,Aud.,0.24699323210358673
1603,sub-19,SAN,Vis.,0.24255766611899823
1604,sub-19,SAN,Subc.,0.24478722770168554
1605,sub-19,SAN,Whole Brain,0.24449925687078264
1606,sub-19,VAN,FPN,0.2518015115631428
1607,sub-19,VAN,CON,0.2468081292941255
1608,sub-19,VAN,SAN,0.25635831843953766
1609,sub-19,VAN,VAN,0.21564161477316318
1610,sub-19,VAN,DAN,0.2512952012499869
1611,sub-19,VAN,DMN,0.25100866863267957
1612,sub-19,VAN,Motor,0.25427841013606184
1613,sub-19,VAN,Aud.,0.24898244967963468
1614,sub-19,VAN,Vis.,0.2461831461963727
1615,sub-19,VAN,Subc.,0.24749266208600718
1616,sub-19,VAN,Whole Brain,0.24977450734102882
1617,sub-19,DAN,FPN,0.23785746091659452
1618,sub-19,DAN,CON,0.23562491639162184
1619,sub-19,DAN,SAN,0.23654260762474563
1620,sub-19,DAN,VAN,0.24056237832333371
1621,sub-19,DAN,DAN,0.22118434852609337
1622,sub-19,DAN,DMN,0.23546886512087858
1623,sub-19,DAN,Motor,0.23779382838482394
1624,sub-19,DAN,Aud.,0.23838712368283543
1625,sub-19,DAN,Vis.,0.22978697821451313
1626,sub-19,DAN,Subc.,0.2317085629873743
1627,sub-19,DAN,Whole Brain,0.2346988372225978
1628,sub-19,DMN,FPN,0.23154160934562734
1629,sub-19,DMN,CON,0.23365890101661907
1630,sub-19,DMN,SAN,0.2343806924332253
1631,sub-19,DMN,VAN,0.24007857560375084
1632,sub-19,DMN,DAN,0.23659032243552813
1633,sub-19,DMN,DMN,0.2290543158451563
1634,sub-19,DMN,Motor,0.23291058505482293
1635,sub-19,DMN,Aud.,0.23565131816398724
1636,sub-19,DMN,Vis.,0.22909290156131226
1637,sub-19,DMN,Subc.,0.23043250342363555
1638,sub-19,DMN,Whole Brain,0.2320299853499
1639,sub-19,Motor,FPN,0.23857866426563276
1640,sub-19,Motor,CON,0.23862823561861132
1641,sub-19,Motor,SAN,0.24160609603208297
1642,sub-19,Motor,VAN,0.2467365934785908
1643,sub-19,Motor,DAN,0.24156141843004716
1644,sub-19,Motor,DMN,0.23608808919836727
1645,sub-19,Motor,Motor,0.22971289645402337
1646,sub-19,Motor,Aud.,0.24063840289335553
1647,sub-19,Motor,Vis.,0.23489819741715018
1648,sub-19,Motor,Subc.,0.23734988618419853
1649,sub-19,Motor,Whole Brain,0.2372201288810312
1650,sub-19,Aud.,FPN,0.23591166418860238
1651,sub-19,Aud.,CON,0.23996040556360979
1652,sub-19,Aud.,SAN,0.239697158368014
1653,sub-19,Aud.,VAN,0.24039088199878444
1654,sub-19,Aud.,DAN,0.24229926871570756
1655,sub-19,Aud.,DMN,0.23771221538773696
1656,sub-19,Aud.,Motor,0.24041304464742036
1657,sub-19,Aud.,Aud.,0.2145243742014009
1658,sub-19,Aud.,Vis.,0.2348759974301273
1659,sub-19,Aud.,Subc.,0.2368324994036355
1660,sub-19,Aud.,Whole Brain,0.23709878493956169
1661,sub-19,Vis.,FPN,0.23020435083864352
1662,sub-19,Vis.,CON,0.2331226571464795
1663,sub-19,Vis.,SAN,0.23472813681230734
1664,sub-19,Vis.,VAN,0.23587151021536737
1665,sub-19,Vis.,DAN,0.2325874156755173
1666,sub-19,Vis.,DMN,0.23100212590965316
1667,sub-19,Vis.,Motor,0.23385901835940087
1668,sub-19,Vis.,Aud.,0.23507291037661907
1669,sub-19,Vis.,Vis.,0.2242932417613246
1670,sub-19,Vis.,Subc.,0.22813506568354378
1671,sub-19,Vis.,Whole Brain,0.23111633372383422
1672,sub-19,Subc.,FPN,0.22834737769615754
1673,sub-19,Subc.,CON,0.23120053824285952
1674,sub-19,Subc.,SAN,0.23166216517787172
1675,sub-19,Subc.,VAN,0.233372678376344
1676,sub-19,Subc.,DAN,0.22999764217897975
1677,sub-19,Subc.,DMN,0.2272891318350034
1678,sub-19,Subc.,Motor,0.23198055542726728
1679,sub-19,Subc.,Aud.,0.23170014490375979
1680,sub-19,Subc.,Vis.,0.2230947828990626
1681,sub-19,Subc.,Subc.,0.2157478959089281
1682,sub-19,Subc.,Whole Brain,0.22782818090862733
1683,sub-19,Whole Brain,FPN,0.2333694144932488
1684,sub-19,Whole Brain,CON,0.2350807485706145
1685,sub-19,Whole Brain,SAN,0.2364811172169435
1686,sub-19,Whole Brain,VAN,0.2404345023623478
1687,sub-19,Whole Brain,DAN,0.2373869768000024
1688,sub-19,Whole Brain,DMN,0.23356022608708238
1689,sub-19,Whole Brain,Motor,0.23576287618840672
1690,sub-19,Whole Brain,Aud.,0.23626543115949525
1691,sub-19,Whole Brain,Vis.,0.2307231143238791
1692,sub-19,Whole Brain,Subc.,0.23254851555561062
1693,sub-19,Whole Brain,Whole Brain,0.23418090909757752
1694,sub-20,FPN,FPN,0.251587246926161
1695,sub-20,FPN,CON,0.25093805881861764
1696,sub-20,FPN,SAN,0.2649046663832387
1697,sub-20,FPN,VAN,0.27557483613281425
1698,sub-20,FPN,DAN,0.27235071935690747
1699,sub-20,FPN,DMN,0.2559665020799254
1700,sub-20,FPN,Motor,0.2678248985069383
1701,sub-20,FPN,Aud.,0.2589690445181861
1702,sub-20,FPN,Vis.,0.254453227460952
1703,sub-20,FPN,Subc.,0.2665623754156105
1704,sub-20,FPN,Whole Brain,0.26113214794986805
1705,sub-20,CON,FPN,0.26146953106582865
1706,sub-20,CON,CON,0.23317879098105213
1707,sub-20,CON,SAN,0.2681553311240301
1708,sub-20,CON,VAN,0.27335681050929345
1709,sub-20,CON,DAN,0.2719873501609356
1710,sub-20,CON,DMN,0.25967613180863003
1711,sub-20,CON,Motor,0.267588058531329
1712,sub-20,CON,Aud.,0.2640635158541735
1713,sub-20,CON,Vis.,0.2562467895298099
1714,sub-20,CON,Subc.,0.2646843288429263
1715,sub-20,CON,Whole Brain,0.26335831331441767
1716,sub-20,SAN,FPN,0.2797052063194897
1717,sub-20,SAN,CON,0.2735096505911205
1718,sub-20,SAN,SAN,0.2664882482799566
1719,sub-20,SAN,VAN,0.29242192224065416
1720,sub-20,SAN,DAN,0.2886538659662256
1721,sub-20,SAN,DMN,0.2792653647192781
1722,sub-20,SAN,Motor,0.2888135784549552
1723,sub-20,SAN,Aud.,0.28237346849537065
1724,sub-20,SAN,Vis.,0.2763813111707801
1725,sub-20,SAN,Subc.,0.28770850146549476
1726,sub-20,SAN,Whole Brain,0.28236804489477635
1727,sub-20,VAN,FPN,0.28313155047787025
1728,sub-20,VAN,CON,0.26630145241735126
1729,sub-20,VAN,SAN,0.282069620170993
1730,sub-20,VAN,VAN,0.24224477124122895
1731,sub-20,VAN,DAN,0.28384033693580996
1732,sub-20,VAN,DMN,0.2724427998990762
1733,sub-20,VAN,Motor,0.27569499585386553
1734,sub-20,VAN,Aud.,0.26842586178024624
1735,sub-20,VAN,Vis.,0.2679821167807724
1736,sub-20,VAN,Subc.,0.27344039919562774
1737,sub-20,VAN,Whole Brain,0.2748030281422422
1738,sub-20,DAN,FPN,0.28836277991836434
1739,sub-20,DAN,CON,0.2784855450070249
1740,sub-20,DAN,SAN,0.2905254299909355
1741,sub-20,DAN,VAN,0.2925658858935028
1742,sub-20,DAN,DAN,0.2719651070943126
1743,sub-20,DAN,DMN,0.2824861299548789
1744,sub-20,DAN,Motor,0.2927105988907667
1745,sub-20,DAN,Aud.,0.2894790545975702
1746,sub-20,DAN,Vis.,0.2809357088858865
1747,sub-20,DAN,Subc.,0.2885686168545556
1748,sub-20,DAN,Whole Brain,0.28636950331933847
1749,sub-20,DMN,FPN,0.26603267921378626
1750,sub-20,DMN,CON,0.25962534671945336
1751,sub-20,DMN,SAN,0.27494317623841563
1752,sub-20,DMN,VAN,0.27857918719384234
1753,sub-20,DMN,DAN,0.2768978403630286
1754,sub-20,DMN,DMN,0.26140087183858074
1755,sub-20,DMN,Motor,0.27236745681025826
1756,sub-20,DMN,Aud.,0.2692777284856749
1757,sub-20,DMN,Vis.,0.26489105522107725
1758,sub-20,DMN,Subc.,0.27081029292151715
1759,sub-20,DMN,Whole Brain,0.2689644378476474
1760,sub-20,Motor,FPN,0.2767433809927516
1761,sub-20,Motor,CON,0.2635608074396274
1762,sub-20,Motor,SAN,0.2790359831206429
1763,sub-20,Motor,VAN,0.2806415898074282
1764,sub-20,Motor,DAN,0.2830010829279477
1765,sub-20,Motor,DMN,0.26904080759716825
1766,sub-20,Motor,Motor,0.2664342036223977
1767,sub-20,Motor,Aud.,0.27355580561847925
1768,sub-20,Motor,Vis.,0.26910865750109614
1769,sub-20,Motor,Subc.,0.28095973317730566
1770,sub-20,Motor,Whole Brain,0.2741669422683929
1771,sub-20,Aud.,FPN,0.26613170671865777
1772,sub-20,Aud.,CON,0.26411761854100974
1773,sub-20,Aud.,SAN,0.2759059339408499
1774,sub-20,Aud.,VAN,0.2743817860542532
1775,sub-20,Aud.,DAN,0.28296943576515243
1776,sub-20,Aud.,DMN,0.269249063909569
1777,sub-20,Aud.,Motor,0.2775062012234236
1778,sub-20,Aud.,Aud.,0.24853802694523047
1779,sub-20,Aud.,Vis.,0.2646573905977921
1780,sub-20,Aud.,Subc.,0.2778798877323988
1781,sub-20,Aud.,Whole Brain,0.2719345679231739
1782,sub-20,Vis.,FPN,0.26003374536730833
1783,sub-20,Vis.,CON,0.2529031712453675
1784,sub-20,Vis.,SAN,0.2664482366621134
1785,sub-20,Vis.,VAN,0.26811347023376964
1786,sub-20,Vis.,DAN,0.26844621327247764
1787,sub-20,Vis.,DMN,0.25996512976540886
1788,sub-20,Vis.,Motor,0.266842585971854
1789,sub-20,Vis.,Aud.,0.2614174759945959
1790,sub-20,Vis.,Vis.,0.25418836532532724
1791,sub-20,Vis.,Subc.,0.26500472237040057
1792,sub-20,Vis.,Whole Brain,0.26252438582948284
1793,sub-20,Subc.,FPN,0.27998959877547197
1794,sub-20,Subc.,CON,0.26792975434758337
1795,sub-20,Subc.,SAN,0.2856390140293737
1796,sub-20,Subc.,VAN,0.28052273172602155
1797,sub-20,Subc.,DAN,0.28556937505045776
1798,sub-20,Subc.,DMN,0.27488230800001906
1799,sub-20,Subc.,Motor,0.2890811548386264
1800,sub-20,Subc.,Aud.,0.28252861492241355
1801,sub-20,Subc.,Vis.,0.27396747021378726
1802,sub-20,Subc.,Subc.,0.2674731216089148
1803,sub-20,Subc.,Whole Brain,0.27957816809495717
1804,sub-20,Whole Brain,FPN,0.2698410160752287
1805,sub-20,Whole Brain,CON,0.26172949266907536
1806,sub-20,Whole Brain,SAN,0.27549889484332307
1807,sub-20,Whole Brain,VAN,0.27838076347391016
1808,sub-20,Whole Brain,DAN,0.27855489856420707
1809,sub-20,Whole Brain,DMN,0.2673582594564753
1810,sub-20,Whole Brain,Motor,0.27553144810199853
1811,sub-20,Whole Brain,Aud.,0.27113683977554887
1812,sub-20,Whole Brain,Vis.,0.26589418060733716
1813,sub-20,Whole Brain,Subc.,0.2741303375801312
1814,sub-20,Whole Brain,Whole Brain,0.2717112647545892
